row_id,order_id,order_date,ship_date,ship_mode,customer_id,customer_name,segment,country_or_region,city,state_or_province,postal_code,region,product_id,category,sub_category,product_name,sales,quantity,discount,profit
3,US-2023-112326,2023-01-04,2023-01-08,"Standard Class",PO-19195,"Phillina Ober","Home Office","United States",Naperville,Illinois,60540,Central,OFF-LA-10003223,"Office Supplies",Labels,"Avery 508",11.78,3,0.20,4.27
4,US-2023-112326,2023-01-04,2023-01-08,"Standard Class",PO-19195,"Phillina Ober","Home Office","United States",Naperville,Illinois,60540,Central,OFF-ST-10002743,"Office Supplies",Storage,"SAFCO Boltless Steel Shelving",272.74,3,0.20,-64.77
5,US-2023-141817,2023-01-05,2023-01-12,Unknown,MB-18085,"Mick Brown",Consumer,"United States",Philadelphia,Pennsylvania,19143,East,OFF-AR-10003478,"Office Supplies",Art,"Avery Hi-Liter EverBold Pen Style Fluorescent Highlighters, 4/Pack",19.54,3,0.20,4.88
6,US-2023-167199,2023-01-06,2023-01-10,"Standard Class",ME-17320,"Maria Etezadi","Home Office","United States",Henderson,Kentucky,42420,South,FUR-CH-10004063,Furniture,Chairs,"Global Deluxe High-Back Manager's Chair",2573.82,9,0.55,746.41
7,US-2023-167199,2023-01-06,2023-01-10,"Standard Class",ME-17320,"Maria Etezadi","Home Office","United States",Henderson,Kentucky,42420,South,OFF-AR-10001662,"Office Supplies",Art,"Rogers Handheld Barrel Pencil Sharpener",5.48,2,0.00,1.48
8,US-2023-106054,2023-01-06,2023-01-07,"First Class",JO-15145,"Jack O'Briant",Corporate,"United States",Athens,Georgia,30605,South,OFF-AR-10002399,"Office Supplies",Art,"Dixon Prang Watercolor Pencils, 10-Color Set with Brush",12.78,3,0.00,5.24
10,US-2023-167199,2023-01-06,2023-01-10,"Standard Class",ME-17320,"Maria Etezadi","Home Office","United States",Henderson,Kentucky,42420,South,OFF-FA-10001883,"Office Supplies",Fasteners,"Alliance Super-Size Bands, Assorted Sizes",31.12,4,0.00,0.31
12,US-2023-130813,2023-01-06,2023-01-08,"Second Class",LS-17230,"Lycoris Saunders",Consumer,"United States","Los Angeles",California,90049,West,OFF-PA-10002005,"Office Supplies",Paper,"Xerox 225",19.44,3,0.00,9.33
13,US-2023-167199,2023-01-06,2023-01-10,"Standard Class",ME-17320,"Maria Etezadi","Home Office","United States",Henderson,Kentucky,42420,South,TEC-PH-10004539,Technology,Phones,"Wireless Extenders zBoost YX545 SOHO Signal Booster",755.96,4,0.00,204.11
14,US-2023-167199,2023-01-06,2023-01-10,"Standard Class",ME-17320,"Maria Etezadi","Home Office","United States",Henderson,Kentucky,42420,South,TEC-PH-10004977,Technology,Phones,"GE 30524EE4",391.98,2,0.00,113.67
17,US-2023-135405,2023-01-09,2023-01-13,"Standard Class",MS-17830,"Melanie Seite",Consumer,"United States",Laredo,Texas,78041,Central,OFF-AR-10004078,"Office Supplies",Art,"Newell 312",9.34,2,0.20,1.17
18,US-2023-135405,2023-01-09,2023-01-13,"Standard Class",MS-17830,"Melanie Seite",Consumer,"United States",Laredo,Texas,78041,Central,TEC-AC-10001266,Technology,Accessories,"Memorex Micro Travel Drive 8 GB",31.20,3,0.20,9.75
19,US-2023-149020,2023-01-10,2023-01-15,"Standard Class",AJ-10780,"Anthony Jacobs",Corporate,"United States",Springfield,Virginia,22153,South,FUR-FU-10000965,Furniture,Furnishings,"Howard Miller 11-1/2" Diameter Ridgewood Wall Clock",51.94,1,0.00,21.30
21,US-2023-130092,2023-01-11,2023-01-14,"First Class",SV-20365,"Seth Vernon",Consumer,"United States",Dover,Delaware,19901,East,FUR-FU-10000010,Furniture,Furnishings,"DAX Value U-Channel Document Frames, Easel Back",9.94,2,0.55,3.08
22,US-2023-157147,2023-01-13,2023-01-18,"Standard Class",BD-11605,"Brian Dahlen",Consumer,"United States","San Francisco",California,94109,West,FUR-BO-10003034,Furniture,Bookcases,"O'Sullivan Elevations Bookcase, Cherry Finish",334.00,3,0.15,3.93
23,US-2023-109232,2023-01-13,2023-01-16,"Second Class",ND-18370,"Natalie DeCherney",Consumer,"United States","Mount Pleasant","South Carolina",29464,South,FUR-CH-10000422,Furniture,Chairs,"Global Highback Leather Tilter in Burgundy",545.94,6,0.00,87.35
24,US-2023-157147,2023-01-13,2023-01-18,"Standard Class",BD-11605,"Brian Dahlen",Consumer,"United States","San Francisco",California,94109,West,OFF-AR-10003514,"Office Supplies",Art,"4009 Highlighters by Sanford",19.90,5,0.00,6.57
25,US-2023-118192,2023-01-13,2023-01-18,"Standard Class",MM-17920,"Michael Moore",Consumer,"United States",Newark,Ohio,43055,East,OFF-BI-10003476,"Office Supplies",Binders,"Avery Metallic Poly Binders",3.44,2,0.70,-2.52
26,US-2023-162775,2023-01-13,2023-01-15,"Second Class",CS-12250,"Chris Selesnick",Corporate,"United States","Bossier City",Louisiana,71111,South,OFF-BI-10004187,"Office Supplies",Binders,"3-ring staple pack",5.64,3,0.00,2.71
27,US-2023-162775,2023-01-13,2023-01-15,"Second Class",CS-12250,"Chris Selesnick",Corporate,"United States","Bossier City",Louisiana,71111,South,OFF-EN-10001532,"Office Supplies",Envelopes,"Brown Kraft Recycled Envelopes",50.94,3,0.00,25.47
28,US-2023-162775,2023-01-13,2023-01-15,"Second Class",CS-12250,"Chris Selesnick",Corporate,"United States","Bossier City",Louisiana,71111,South,OFF-EN-10001990,"Office Supplies",Envelopes,"Staple envelope",11.36,2,0.00,5.34
29,US-2023-118192,2023-01-13,2023-01-18,"Standard Class",MM-17920,"Michael Moore",Consumer,"United States",Newark,Ohio,43055,East,OFF-PA-10002947,"Office Supplies",Paper,"Xerox 1923",37.41,7,0.20,13.09
31,US-2023-157147,2023-01-13,2023-01-18,"Standard Class",BD-11605,"Brian Dahlen",Consumer,"United States","San Francisco",California,94109,West,OFF-ST-10000078,"Office Supplies",Storage,"Tennsco 6- and 18-Compartment Lockers",1325.85,5,0.00,238.65
33,US-2023-149524,2023-01-14,2023-01-15,"First Class",BS-11590,"Brendan Sweed",Corporate,"United States",Philadelphia,Pennsylvania,19140,East,FUR-BO-10003433,Furniture,Bookcases,"Sauder Cornerstone Collection Library",61.96,4,0.50,-53.29
38,US-2023-115791,2023-01-16,2023-01-18,"Second Class",DL-13315,"Delfina Latchford",Consumer,"United States",Philadelphia,Pennsylvania,19134,East,TEC-PH-10004614,Technology,Phones,"AT&T 841000 Phone",124.20,3,0.40,-31.05
39,US-2023-123477,2023-01-18,2023-01-21,"Second Class",DW-13195,"David Wiener",Corporate,"United States",Springfield,Oregon,97477,West,OFF-AP-10000692,"Office Supplies",Appliances,"Fellowes Mighty 8 Compact Surge Protector",64.86,4,0.20,6.49
41,US-2023-146591,2023-01-19,2023-01-20,"First Class",TS-21340,"Toby Swindell",Consumer,"United States",Scottsdale,Arizona,85254,West,OFF-BI-10003676,"Office Supplies",Binders,"GBC Standard Recycled Report Covers, Clear Plastic Sheets",32.34,10,0.70,-23.72
42,US-2023-146591,2023-01-19,2023-01-20,"First Class",TS-21340,"Toby Swindell",Consumer,"United States",Scottsdale,Arizona,85254,West,OFF-EN-10002504,"Office Supplies",Envelopes,"Tyvek  Top-Opening Peel & Seel Envelopes, Plain White",108.72,5,0.20,36.69
43,US-2023-146591,2023-01-19,2023-01-20,"First Class",TS-21340,"Toby Swindell",Consumer,"United States",Scottsdale,Arizona,85254,West,OFF-PA-10000659,"Office Supplies",Paper,"TOPS Carbonless Receipt Book, Four 2-3/4 x 7-1/4 Money Receipts per Page",56.06,4,0.20,19.62
44,US-2023-147627,2023-01-20,2023-01-26,"Standard Class",HL-15040,"Hunter Lopez",Consumer,"United States",Jonesboro,Arkansas,72401,South,FUR-CH-10002331,Furniture,Chairs,"Hon 4700 Series Mobuis Mid-Back Task Chairs with Adjustable Arms",1067.94,3,0.00,224.27
47,US-2023-147627,2023-01-20,2023-01-26,"Standard Class",HL-15040,"Hunter Lopez",Consumer,"United States",Jonesboro,Arkansas,72401,South,FUR-FU-10003194,Furniture,Furnishings,"Eldon Expressions Desk Accessory, Wood Pencil Holder, Oak",38.60,4,0.00,11.58
49,US-2023-167927,2023-01-20,2023-01-26,Unknown,XP-21865,"Xylona Preis",Consumer,"United States",Westland,Michigan,48185,Central,OFF-AP-10002311,"Office Supplies",Appliances,"Holmes Replacement Filter for HEPA Air Cleaner, Very Large Room, HEPA Filter",247.72,4,0.10,93.58
50,US-2023-147627,2023-01-20,2023-01-26,"Standard Class",HL-15040,"Hunter Lopez",Consumer,"United States",Jonesboro,Arkansas,72401,South,OFF-AR-10002375,"Office Supplies",Art,"Newell 351",22.96,7,0.00,6.66
51,US-2023-147627,2023-01-20,2023-01-26,"Standard Class",HL-15040,"Hunter Lopez",Consumer,"United States",Jonesboro,Arkansas,72401,South,OFF-AR-10003811,"Office Supplies",Art,"Newell 327",6.63,3,0.00,1.79
52,US-2023-167927,2023-01-20,2023-01-26,"Standard Class",XP-21865,"Xylona Preis",Consumer,"United States",Westland,Michigan,48185,Central,OFF-AR-10004456,"Office Supplies",Art,"Panasonic KP-4ABK Battery-Operated Pencil Sharpener",43.92,3,0.00,12.74
53,US-2023-167927,2023-01-20,2023-01-26,"Standard Class",XP-21865,"Xylona Preis",Consumer,"United States",Westland,Michigan,48185,Central,OFF-BI-10000605,"Office Supplies",Binders,"Acco Pressboard Covers with Storage Hooks, 9 1/2" x 11", Executive Red",19.05,5,0.00,8.95
55,US-2023-167927,2023-01-20,2023-01-26,"Standard Class",XP-21865,"Xylona Preis",Consumer,"United States",Westland,Michigan,48185,Central,OFF-BI-10004364,"Office Supplies",Binders,"Storex Dura Pro Binders",29.70,5,0.00,13.37
56,US-2023-147627,2023-01-20,2023-01-26,"Standard Class",HL-15040,"Hunter Lopez",Consumer,"United States",Jonesboro,Arkansas,72401,South,OFF-EN-10001539,"Office Supplies",Envelopes,"Staple envelope",23.34,3,0.00,10.97
57,US-2023-148614,2023-01-20,2023-01-25,"Standard Class",MV-17485,"Mark Van Huff",Consumer,"United States","Los Angeles",California,90049,West,OFF-PA-10002893,"Office Supplies",Paper,"Wirebound Service Call Books, 5 1/2" x 4"",19.36,2,0.00,9.29
58,US-2023-167927,2023-01-20,2023-01-26,"Standard Class",XP-21865,"Xylona Preis",Consumer,"United States",Westland,Michigan,48185,Central,OFF-ST-10000760,"Office Supplies",Storage,"Eldon Fold 'N Roll Cart System",13.98,1,0.00,4.05
59,US-2023-167927,2023-01-20,2023-01-26,"Standard Class",XP-21865,"Xylona Preis",Consumer,"United States",Westland,Michigan,48185,Central,OFF-ST-10003123,"Office Supplies",Storage,"Fellowes Bases and Tops For Staxonsteel/High-Stak Systems",66.58,2,0.00,15.98
60,US-2023-147627,2023-01-20,2023-01-26,"Standard Class",HL-15040,"Hunter Lopez",Consumer,"United States",Jonesboro,Arkansas,72401,South,TEC-PH-10001061,Technology,Phones,"Apple iPhone 5C",699.93,7,0.00,181.98
62,CA-2023-115238,2023-01-21,2023-01-24,"Standard Class",JW-15220,"Jane Waco",Corporate,Canada,Toronto,Ontario,M7A,East,FUR-FU-10001025,Furniture,Furnishings,"Eldon Imàge Series Desk Accessories, Clear",24.30,5,0.00,10.45
63,CA-2023-115238,2023-01-21,2023-01-24,"Standard Class",JW-15220,"Jane Waco",Corporate,Canada,Toronto,Ontario,M7A,East,FUR-FU-10002445,Furniture,Furnishings,"DAX Two-Tone Rosewood/Black Document Frame, Desktop, 5 x 7",9.48,1,0.00,3.79
64,CA-2023-115238,2023-01-21,2023-01-24,"Standard Class",JW-15220,"Jane Waco",Corporate,Canada,Toronto,Ontario,M7A,East,FUR-FU-10002960,Furniture,Furnishings,"Eldon 200 Class Desk Accessories, Burgundy",31.40,5,0.00,13.19
65,CA-2023-115238,2023-01-21,2023-01-24,"Standard Class",JW-15220,"Jane Waco",Corporate,Canada,Toronto,Ontario,M7A,East,OFF-PA-10002689,"Office Supplies",Paper,"Weyerhaeuser First Choice Laser/Copy Paper (20Lb. and 88 Bright)",6.48,1,0.00,3.11
66,CA-2023-115238,2023-01-21,2023-01-24,"Standard Class",JW-15220,"Jane Waco",Corporate,Canada,Toronto,Ontario,M7A,East,TEC-PH-10001300,Technology,Phones,"iKross Bluetooth Portable Keyboard + Cell Phone Stand Holder + Brush for Apple iPhone 5S 5C 5, 4S 4",209.50,10,0.00,58.66
67,US-2023-146997,2023-01-23,2023-01-27,"Standard Class",SG-20605,"Speros Goranitis",Consumer,"United States",Lafayette,Indiana,47905,Central,OFF-FA-10003467,"Office Supplies",Fasteners,"Alliance Big Bands Rubber Bands, 12/Pack",5.94,3,0.00,0.00
68,US-2023-102645,2023-01-23,2023-01-28,"Standard Class",IM-15055,"Ionia McGrath",Consumer,"United States","Las Vegas",Nevada,89115,West,OFF-PA-10001804,"Office Supplies",Paper,"Xerox 195",40.08,6,0.00,19.24
69,US-2023-167997,2023-01-26,2023-01-29,"First Class",CA-11965,"Carol Adams",Corporate,"United States","Rapid City","South Dakota",57701,Central,FUR-BO-10004409,Furniture,Bookcases,"Safco Value Mate Series Steel Bookcases, Baked Enamel Finish on Steel, Gray",141.96,2,0.00,39.75
70,US-2023-155502,2023-01-26,2023-01-31,"Standard Class",SD-20485,"Shirley Daniels","Home Office","United States",Alexandria,Virginia,22304,South,FUR-FU-10001847,Furniture,Furnishings,"Eldon Image Series Black Desk Accessories",12.42,3,0.00,4.47
71,US-2023-155502,2023-01-26,2023-01-31,"Standard Class",SD-20485,"Shirley Daniels","Home Office","United States",Alexandria,Virginia,22304,South,FUR-FU-10004587,Furniture,Furnishings,"GE General Use Halogen Bulbs, 100 Watts, 1 Bulb per Pack",62.82,3,0.00,30.78
72,US-2023-167997,2023-01-26,2023-01-29,"First Class",CA-11965,"Carol Adams",Corporate,"United States","Rapid City","South Dakota",57701,Central,OFF-BI-10001758,"Office Supplies",Binders,"Wilson Jones 14 Line Acrylic Coated Pressboard Data Binders",10.68,2,0.00,5.02
73,US-2023-155502,2023-01-26,2023-01-31,"Standard Class",SD-20485,"Shirley Daniels","Home Office","United States",Alexandria,Virginia,22304,South,OFF-PA-10000380,"Office Supplies",Paper,"REDIFORM Incoming/Outgoing Call Register, 11" X 8 1/2", 100 Messages",16.68,2,0.00,-83.40
74,US-2023-155502,2023-01-26,2023-01-31,"Standard Class",SD-20485,"Shirley Daniels","Home Office","United States",Alexandria,Virginia,22304,South,OFF-PA-10003072,"Office Supplies",Paper,"Eureka Recycled Copy Paper 8 1/2" x 11", Ream",19.44,3,0.00,9.33
75,US-2023-155502,2023-01-26,2023-01-31,Unknown,SD-20485,"Shirley Daniels","Home Office","United States",Alexandria,Virginia,22304,South,OFF-ST-10004337,"Office Supplies",Storage,"SAFCO Commercial Wire Shelving, 72h",489.92,8,0.00,0.00
79,US-2023-117163,2023-01-27,2023-02-02,"Standard Class",EJ-13720,"Ed Jacobs",Consumer,"United States","San Diego",California,92037,West,OFF-AR-10003179,"Office Supplies",Art,"Dixon Ticonderoga Core-Lock Colored Pencils",36.44,4,0.00,12.03
80,US-2023-117163,2023-01-27,2023-02-02,"Standard Class",EJ-13720,"Ed Jacobs",Consumer,"United States","San Diego",California,92037,West,OFF-ST-10003692,"Office Supplies",Storage,"Recycled Steel Personal File for Hanging File Folders",57.23,1,0.00,14.31
82,US-2023-134103,2023-01-30,2023-02-04,"Standard Class",MV-18190,"Mike Vittorini",Consumer,"United States",Detroit,Michigan,48234,Central,OFF-PA-10001204,"Office Supplies",Paper,"Xerox 1972",10.56,2,0.00,4.75
85,US-2023-140795,2023-02-01,2023-02-03,"First Class",BD-11500,"Bradley Drucker",Consumer,"United States","Green Bay",Wisconsin,54302,Central,TEC-AC-10001432,Technology,Accessories,"Enermax Aurora Lite Keyboard",468.90,6,0.00,206.32
86,US-2023-123400,2023-02-02,2023-02-09,"Standard Class",EB-13930,"Eric Barreto",Consumer,"United States","Saint Petersburg",Florida,33710,South,OFF-BI-10000666,"Office Supplies",Binders,"Surelock Post Binders",18.34,2,0.70,-12.22
87,US-2023-139857,2023-02-02,2023-02-06,"Standard Class",CD-12790,"Cynthia Delaney","Home Office","United States","San Diego",California,92037,West,OFF-FA-10001843,"Office Supplies",Fasteners,Staples,12.35,5,0.00,5.80
88,US-2023-123400,2023-02-02,2023-02-09,"Standard Class",EB-13930,"Eric Barreto",Consumer,"United States","Saint Petersburg",Florida,33710,South,TEC-PH-10002890,Technology,Phones,"AT&T 17929 Lendline Telephone",180.96,5,0.20,13.57
90,US-2023-111059,2023-02-03,2023-02-06,"Second Class",TB-21400,"Tom Boeckenhauer",Consumer,"United States",Seattle,Washington,98105,West,OFF-BI-10004593,"Office Supplies",Binders,"Ibico Laser Imprintable Binding System Covers",83.84,2,0.20,27.25
91,US-2023-104808,2023-02-04,2023-02-08,"Second Class",MH-17440,"Mark Haberlin",Corporate,"United States",Escondido,California,92025,West,OFF-BI-10003676,"Office Supplies",Binders,"GBC Standard Recycled Report Covers, Clear Plastic Sheets",17.25,2,0.20,6.04
92,US-2023-107181,2023-02-04,2023-02-08,"Standard Class",DB-13270,"Deborah Brumfield","Home Office","United States","San Diego",California,92024,West,OFF-BI-10004230,"Office Supplies",Binders,"GBC Recycled Grain Textured Covers",82.90,3,0.20,29.01
95,US-2023-131905,2023-02-06,2023-02-09,"First Class",ND-18460,"Neil Ducich",Corporate,"United States",Chesapeake,Virginia,23320,South,OFF-LA-10002787,"Office Supplies",Labels,"Avery 480",15.00,4,0.00,7.20
98,US-2023-169390,2023-02-07,2023-02-10,"Second Class",CS-12250,"Chris Selesnick",Corporate,"United States","New York City","New York",10024,East,OFF-ST-10001558,"Office Supplies",Storage,"Acco Perma 4000 Stacking Storage Drawers",64.96,4,0.00,9.74
99,US-2023-107755,2023-02-07,2023-02-12,"Standard Class",CK-12760,"Cyma Kinney",Corporate,"United States",Linden,"New Jersey",7036,East,TEC-AC-10000710,Technology,Accessories,"Maxell DVD-RAM Discs",115.36,7,0.00,49.60
100,US-2023-125759,2023-02-08,2023-02-09,"First Class",NM-18445,"Nathan Mautz","Home Office","United States","North Las Vegas",Nevada,89031,West,FUR-FU-10002111,Furniture,Furnishings,"Master Caster Door Stop, Large Brown",14.56,2,0.00,5.53
101,US-2023-168368,2023-02-11,2023-02-15,Unknown,GA-14725,"Guy Armstrong",Consumer,"United States",Columbia,Missouri,65203,Central,FUR-CH-10001146,Furniture,Chairs,"Global Value Mid-Back Manager's Chair, Gray",60.89,1,0.00,15.22
103,US-2023-127614,2023-02-11,2023-02-15,"Standard Class",NF-18385,"Natalie Fritzler",Consumer,"United States",Chesapeake,Virginia,23320,South,FUR-TA-10003715,Furniture,Tables,"Hon 2111 Invitation Series Corner Table",1256.22,6,0.00,75.37
104,US-2023-127614,2023-02-11,2023-02-15,"Standard Class",NF-18385,"Natalie Fritzler",Consumer,"United States",Chesapeake,Virginia,23320,South,OFF-BI-10003291,"Office Supplies",Binders,"Wilson Jones Leather-Like Binders with DublLock Round Rings",17.46,2,0.00,8.21
105,US-2023-168368,2023-02-11,2023-02-15,"Second Class",GA-14725,"Guy Armstrong",Consumer,"United States",Columbia,Missouri,65203,Central,OFF-BI-10004654,"Office Supplies",Binders,"VariCap6 Expandable Binder",51.90,3,0.00,24.39
106,US-2023-168368,2023-02-11,2023-02-15,"Second Class",GA-14725,"Guy Armstrong",Consumer,"United States",Columbia,Missouri,65203,Central,OFF-BI-10004728,"Office Supplies",Binders,"Wilson Jones Turn Tabs Binder Tool for Ring Binders",9.64,2,0.00,4.43
110,US-2023-110674,2023-02-12,2023-02-18,"Standard Class",SC-20095,"Sanjit Chand",Consumer,"United States",Concord,California,94521,West,FUR-CH-10000225,Furniture,Chairs,"Global Geo Office Task Chair, Gray",129.57,2,0.20,-24.29
111,US-2023-121762,2023-02-14,2023-02-18,"Standard Class",ML-17395,"Marina Lichtenstein",Corporate,"United States",Seattle,Washington,98103,West,OFF-AP-10001293,"Office Supplies",Appliances,"Belkin 8 Outlet Surge Protector",81.96,2,0.00,22.95
112,US-2023-107706,2023-02-14,2023-02-19,Unknown,ST-20530,"Shui Tom",Consumer,"United States",Houston,Texas,77095,Central,OFF-PA-10000466,"Office Supplies",Paper,"Memo Book, 100 Message Capacity, 5 3/8” x 11”",16.18,3,0.20,6.07
114,US-2023-121762,2023-02-14,2023-02-18,"Standard Class",ML-17395,"Marina Lichtenstein",Corporate,"United States",Seattle,Washington,98103,West,TEC-AC-10000736,Technology,Accessories,"Logitech G600 MMO Gaming Mouse",239.97,3,0.00,86.39
115,US-2023-165568,2023-02-15,2023-02-19,"Standard Class",BF-11020,"Barry Französisch",Corporate,"United States",Seattle,Washington,98105,West,OFF-BI-10001031,"Office Supplies",Binders,"Pressboard Data Binders by Wilson Jones",21.36,5,0.20,7.21
117,US-2023-122567,2023-02-16,2023-02-21,"Standard Class",MN-17935,"Michael Nguyen",Consumer,"United States",Dallas,Texas,75220,Central,OFF-BI-10002012,"Office Supplies",Binders,"Wilson Jones Easy Flow II Sheet Lifters",1.08,3,0.80,-1.73
118,US-2023-154165,2023-02-17,2023-02-24,"Standard Class",DL-13315,"Delfina Latchford",Consumer,"United States",Chicago,Illinois,60653,Central,OFF-AR-10003631,"Office Supplies",Art,"Staples in misc. colors",54.21,14,0.20,8.81
121,US-2023-109491,2023-02-20,2023-02-26,"Standard Class",LC-16930,"Linda Cazamias",Corporate,"United States",Richmond,Indiana,47374,Central,FUR-FU-10000221,Furniture,Furnishings,"Master Caster Door Stop, Brown",20.32,4,0.00,6.91
122,US-2023-164903,2023-02-20,2023-02-24,"Standard Class",SR-20740,"Steven Roelle","Home Office","United States","Los Angeles",California,90049,West,OFF-PA-10003363,"Office Supplies",Paper,"Xerox 204",12.96,2,0.00,6.22
123,US-2023-109491,2023-02-20,2023-02-26,"Standard Class",LC-16930,"Linda Cazamias",Corporate,"United States",Richmond,Indiana,47374,Central,TEC-AC-10001284,Technology,Accessories,"Enermax Briskie RF Wireless Keyboard and Mouse Combo",62.31,3,0.00,22.43
124,US-2023-165540,2023-02-21,2023-02-25,"Standard Class",TM-21010,"Tamara Manning",Consumer,"United States",Woodstock,Illinois,60098,Central,OFF-BI-10004094,"Office Supplies",Binders,"GBC Standard Plastic Binding Systems Combs",8.85,5,0.80,-13.72
125,US-2023-133354,2023-02-22,2023-02-24,Unknown,SA-20830,"Sue Ann Reed",Consumer,"United States","Moreno Valley",California,92553,West,OFF-PA-10001800,"Office Supplies",Paper,"Xerox 220",19.44,3,0.00,9.33
126,US-2023-103744,2023-02-23,2023-02-27,"Standard Class",MG-17875,"Michael Grace","Home Office","United States","El Paso",Texas,79907,Central,OFF-BI-10000320,"Office Supplies",Binders,"GBC Plastic Binding Combs",4.43,3,0.80,-6.86
127,US-2023-103744,2023-02-23,2023-02-27,"Standard Class",MG-17875,"Michael Grace","Home Office","United States","El Paso",Texas,79907,Central,OFF-LA-10004425,"Office Supplies",Labels,"Staple-on labels",6.94,3,0.20,2.34
129,US-2023-137680,2023-02-24,2023-03-02,"Standard Class",JH-15430,"Jennifer Halladay",Consumer,"United States",Medford,Oregon,97504,West,OFF-PA-10000174,"Office Supplies",Paper,"Message Book, Wirebound, Four 5 1/2" X 4" Forms/Pg., 200 Dupl. Sets/Book",32.90,4,0.20,11.10
130,US-2023-156545,2023-02-27,2023-03-03,"First Class",JS-16030,"Joy Smith",Consumer,"United States",Columbus,Ohio,43229,East,OFF-AR-10003560,"Office Supplies",Art,"Zebra Zazzle Fluorescent Highlighters",19.46,4,0.20,3.40
131,US-2023-113880,2023-03-01,2023-03-05,"Standard Class",VF-21715,"Vicky Freymann","Home Office","United States",Elmhurst,Illinois,60126,Central,FUR-CH-10000863,Furniture,Chairs,"Novimex Swivel Fabric Task Chair",634.12,6,0.30,-172.12
133,US-2023-104269,2023-03-01,2023-03-06,Unknown,DB-13060,"Dave Brooks",Consumer,"United States",Seattle,Washington,98115,West,FUR-CH-10004063,Furniture,Chairs,"Global Deluxe High-Back Manager's Chair",457.57,2,0.20,51.48
134,US-2023-131009,2023-03-01,2023-03-05,"Standard Class",SC-20380,"Shahid Collister",Consumer,"United States","El Paso",Texas,79907,Central,FUR-FU-10001095,Furniture,Furnishings,"DAX Black Cherry Wood-Tone Poster Frame",63.55,6,0.60,-34.95
135,US-2023-168312,2023-03-01,2023-03-07,"Standard Class",GW-14605,"Giulietta Weimer",Consumer,"United States",Houston,Texas,77036,Central,FUR-TA-10001866,Furniture,Tables,"Bevis Round Conference Room Tables and Bases",376.51,3,0.30,-43.03
138,US-2023-131009,2023-03-01,2023-03-05,"Standard Class",SC-20380,"Shahid Collister",Consumer,"United States","El Paso",Texas,79907,Central,OFF-ST-10001469,"Office Supplies",Storage,"Fellowes Bankers Box Recycled Super Stor/Drawer",129.55,3,0.20,-22.67
139,US-2023-168312,2023-03-01,2023-03-07,"Standard Class",GW-14605,"Giulietta Weimer",Consumer,"United States",Houston,Texas,77036,Central,OFF-ST-10003692,"Office Supplies",Storage,"Recycled Steel Personal File for Hanging File Folders",137.35,3,0.20,8.58
141,US-2023-107524,2023-03-02,2023-03-08,"Standard Class",KN-16705,"Kristina Nunn","Home Office","United States","New York City","New York",10009,East,OFF-EN-10001990,"Office Supplies",Envelopes,"Staple envelope",11.36,2,0.00,5.34
143,US-2023-107524,2023-03-02,2023-03-08,"Standard Class",KN-16705,"Kristina Nunn","Home Office","United States","New York City","New York",10009,East,OFF-PA-10000587,"Office Supplies",Paper,"Array Parchment Paper, Assorted Colors",36.40,5,0.00,17.47
144,US-2023-111157,2023-03-02,2023-03-06,Unknown,NH-18610,"Nicole Hansen",Corporate,"United States",Philadelphia,Pennsylvania,19120,East,TEC-AC-10004353,Technology,Accessories,"Hypercom P1300 Pinpad",151.20,3,0.20,32.13
146,US-2023-105648,2023-03-03,2023-03-07,"Standard Class",EJ-14155,"Eva Jacobs",Consumer,"United States","San Diego",California,92037,West,FUR-TA-10002958,Furniture,Tables,"Bevis Oval Conference Table, Walnut",626.35,3,0.20,-23.49
147,US-2023-130421,2023-03-03,2023-03-07,"Standard Class",SC-20020,"Sam Craven",Consumer,"United States",Houston,Texas,77095,Central,OFF-AP-10002534,"Office Supplies",Appliances,"3.6 Cubic Foot Counter Height Office Refrigerator",176.77,3,0.80,-459.61
148,US-2023-155852,2023-03-03,2023-03-07,Unknown,AJ-10945,"Ashley Jarboe",Consumer,"United States",Wilmington,"North Carolina",28403,South,OFF-AR-10003560,"Office Supplies",Art,"Zebra Zazzle Fluorescent Highlighters",19.46,4,0.20,3.40
149,US-2023-127964,2023-03-03,2023-03-08,"Standard Class",AP-10720,"Anne Pryor","Home Office","United States","New York City","New York",10035,East,OFF-BI-10003429,"Office Supplies",Binders,"Cardinal HOLDit! Binder Insert Strips,Extra Strips",25.32,5,0.20,9.18
151,US-2023-127978,2023-03-03,2023-03-08,"Standard Class",JS-15595,"Jill Stevenson",Corporate,"United States",Columbus,Ohio,43229,East,OFF-LA-10000305,"Office Supplies",Labels,"Avery 495",15.12,3,0.20,4.91
152,US-2023-127978,2023-03-03,2023-03-08,"Standard Class",JS-15595,"Jill Stevenson",Corporate,"United States",Columbus,Ohio,43229,East,OFF-ST-10002486,"Office Supplies",Storage,"Eldon Shelf Savers Cubes and Bins",44.67,8,0.20,-10.05
153,US-2023-127964,2023-03-03,2023-03-08,"Standard Class",AP-10720,"Anne Pryor","Home Office","United States","New York City","New York",10035,East,TEC-PH-10004700,Technology,Phones,"PowerGen Dual USB Car Charger",9.99,1,0.00,4.60
154,US-2023-117016,2023-03-04,2023-03-09,"Standard Class",SC-20095,"Sanjit Chand",Consumer,"United States",Margate,Florida,33063,South,OFF-AR-10001374,"Office Supplies",Art,"BIC Brite Liner Highlighters, Chisel Tip",15.55,3,0.20,2.33
155,US-2023-116239,2023-03-04,2023-03-04,"Same Day",CL-12565,"Clay Ludtke",Consumer,"United States",Columbia,"South Carolina",29203,South,OFF-ST-10001370,"Office Supplies",Storage,"Sensible Storage WireTech Storage Systems",354.90,5,0.00,17.74
156,US-2023-169061,2023-03-05,2023-03-08,"Second Class",AB-10150,"Aimee Bixby",Consumer,"United States",Yonkers,"New York",10701,East,OFF-AR-10000588,"Office Supplies",Art,"Newell 345",59.52,3,0.00,15.48
158,US-2023-169061,2023-03-05,2023-03-08,"Second Class",AB-10150,"Aimee Bixby",Consumer,"United States",Yonkers,"New York",10701,East,OFF-PA-10001878,"Office Supplies",Paper,"Xerox 1891",97.82,2,0.00,45.98
159,US-2023-169061,2023-03-05,2023-03-08,"Second Class",AB-10150,"Aimee Bixby",Consumer,"United States",Yonkers,"New York",10701,East,OFF-SU-10000381,"Office Supplies",Supplies,"Acme Forged Steel Scissors with Black Enamel Handles",18.62,2,0.00,5.40
160,US-2023-169061,2023-03-05,2023-03-08,"Second Class",AB-10150,"Aimee Bixby",Consumer,"United States",Yonkers,"New York",10701,East,TEC-AC-10002001,Technology,Accessories,"Logitech Wireless Gaming Headset G930",479.97,3,0.00,177.59
161,US-2023-104563,2023-03-07,2023-03-12,"Standard Class",CM-12715,"Craig Molinari",Corporate,"United States",Seattle,Washington,98103,West,FUR-CH-10002780,Furniture,Chairs,"Office Star - Task Chair with Contemporary Loop Arms",436.70,6,0.20,21.84
162,US-2023-156587,2023-03-07,2023-03-08,"First Class",AB-10015,"Aaron Bergman",Consumer,"United States",Seattle,Washington,98103,West,FUR-CH-10004477,Furniture,Chairs,"Global Push Button Manager's Chair, Indigo",48.71,1,0.20,5.48
163,US-2023-104563,2023-03-07,2023-03-12,Unknown,CM-12715,"Craig Molinari",Corporate,"United States",Seattle,Washington,98103,West,FUR-CH-10004495,Furniture,Chairs,"Global Leather and Oak Executive Chair, Black",481.57,2,0.20,54.18
165,US-2023-156587,2023-03-07,2023-03-08,"First Class",AB-10015,"Aaron Bergman",Consumer,"United States",Seattle,Washington,98103,West,OFF-AR-10001427,"Office Supplies",Art,"Newell 330",17.94,3,0.00,4.66
167,US-2023-104563,2023-03-07,2023-03-12,"Standard Class",CM-12715,"Craig Molinari",Corporate,"United States",Seattle,Washington,98103,West,OFF-ST-10000934,"Office Supplies",Storage,"Contico 72"H Heavy-Duty Storage System",204.90,5,0.00,0.00
168,US-2023-156587,2023-03-07,2023-03-08,Unknown,AB-10015,"Aaron Bergman",Consumer,"United States",Seattle,Washington,98103,West,OFF-ST-10002344,"Office Supplies",Storage,"Carina 42"Hx23 3/4"W Media Storage Unit",242.94,3,0.00,4.86
169,US-2023-140116,2023-03-10,2023-03-17,"Standard Class",KT-16480,"Kean Thornton",Consumer,"United States",Denver,Colorado,80219,West,OFF-AR-10001044,"Office Supplies",Art,"BOSTON Ranger #55 Pencil Sharpener, Black",83.17,4,0.20,9.36
171,US-2023-140116,2023-03-10,2023-03-17,"Standard Class",KT-16480,"Kean Thornton",Consumer,"United States",Denver,Colorado,80219,West,OFF-ST-10000078,"Office Supplies",Storage,"Tennsco 6- and 18-Compartment Lockers",636.41,3,0.20,-15.91
172,US-2023-166884,2023-03-11,2023-03-16,"Second Class",CK-12205,"Chloris Kastensmidt",Consumer,"United States",Columbus,Ohio,43229,East,FUR-FU-10003981,Furniture,Furnishings,"Eldon Wave Desk Accessories",8.32,5,0.20,2.29
173,US-2023-114790,2023-03-11,2023-03-13,Unknown,FM-14215,"Filia McAdams",Corporate,"United States",Richmond,Kentucky,40475,South,OFF-AP-10002578,"Office Supplies",Appliances,"Fellowes Premier Superior Surge Suppressor, 10-Outlet, With Phone and Remote",146.76,3,0.00,38.16
174,US-2023-103338,2023-03-11,2023-03-15,"Standard Class",RB-19435,"Richard Bierner",Consumer,"United States",Roseville,California,95661,West,OFF-AR-10001770,"Office Supplies",Art,"Economy #2 Pencils",7.98,3,0.00,2.07
175,US-2023-166884,2023-03-11,2023-03-16,Unknown,CK-12205,"Chloris Kastensmidt",Consumer,"United States",Columbus,Ohio,43229,East,OFF-FA-10001561,"Office Supplies",Fasteners,"Stockwell Push Pins",10.46,6,0.20,1.70
176,US-2023-114790,2023-03-11,2023-03-13,"Second Class",FM-14215,"Filia McAdams",Corporate,"United States",Richmond,Kentucky,40475,South,OFF-PA-10000213,"Office Supplies",Paper,"Xerox 198",14.94,3,0.00,7.02
177,US-2023-158337,2023-03-11,2023-03-14,"Second Class",KA-16525,"Kelly Andreada",Consumer,"United States","New York City","New York",10024,East,OFF-PA-10002137,"Office Supplies",Paper,"Southworth 100% Résumé Paper, 24lb.",108.92,14,0.00,49.01
178,US-2023-114790,2023-03-11,2023-03-13,"Second Class",FM-14215,"Filia McAdams",Corporate,"United States",Richmond,Kentucky,40475,South,TEC-AC-10000710,Technology,Accessories,"Maxell DVD-RAM Discs",32.96,2,0.00,14.17
179,US-2023-114790,2023-03-11,2023-03-13,"Second Class",FM-14215,"Filia McAdams",Corporate,"United States",Richmond,Kentucky,40475,South,TEC-PH-10000984,Technology,Phones,"Panasonic KX-TG9471B",587.97,3,0.00,164.63
180,CA-2023-139675,2023-03-13,2023-03-18,"Second Class",NF-18595,"Nicole Fjeld","Home Office",Canada,Calgary,Alberta,T2C,West,FUR-CH-10004063,Furniture,Chairs,"Global Deluxe High-Back Manager's Chair",915.14,4,0.20,102.95
182,US-2023-125521,2023-03-14,2023-03-19,"Standard Class",CK-12325,"Christine Kargatis","Home Office","United States",Chesapeake,Virginia,23320,South,FUR-CH-10003379,Furniture,Chairs,"Global Commerce Series High-Back Swivel/Tilt Chairs",1139.92,4,0.00,284.98
183,US-2023-157623,2023-03-14,2023-03-18,"Standard Class",DK-13225,"Dean Katz",Corporate,"United States","Huntington Beach",California,92646,West,OFF-AR-10003723,"Office Supplies",Art,"Avery Hi-Liter Fluorescent Desk Style Markers",3.38,1,0.00,1.25
185,US-2023-114510,2023-03-14,2023-03-19,"Standard Class",JF-15295,"Jason Fortune-",Consumer,"United States",Logan,Utah,84321,West,OFF-BI-10003007,"Office Supplies",Binders,"Premium Transparent Presentation Covers, No Pattern/Clear, 8 1/2" x 11"",62.05,2,0.20,20.17
186,US-2023-100293,2023-03-14,2023-03-18,"Standard Class",NF-18475,"Neil Französisch","Home Office","United States",Jacksonville,Florida,32216,South,OFF-PA-10000176,"Office Supplies",Paper,"Xerox 1887",91.06,6,0.20,31.87
188,US-2023-152618,2023-03-14,2023-03-17,"First Class",RB-19465,"Rick Bensley","Home Office","United States",Chicago,Illinois,60653,Central,OFF-PA-10001215,"Office Supplies",Paper,"Xerox 1963",8.45,160,0.20,2.64
189,US-2023-114510,2023-03-14,2023-03-19,"Standard Class",JF-15295,"Jason Fortune-",Consumer,"United States",Logan,Utah,84321,West,OFF-ST-10000736,"Office Supplies",Storage,"Carina Double Wide Media Storage Towers in Natural & Black",80.98,1,0.00,3.24
190,US-2023-114510,2023-03-14,2023-03-19,"Standard Class",JF-15295,"Jason Fortune-",Consumer,"United States",Logan,Utah,84321,West,OFF-ST-10003221,"Office Supplies",Storage,"Staple magnet",21.36,2,0.00,5.77
191,US-2023-114510,2023-03-14,2023-03-19,"Standard Class",JF-15295,"Jason Fortune-",Consumer,"United States",Logan,Utah,84321,West,TEC-AC-10004877,Technology,Accessories,"Imation 30456 USB Flash Drive 8GB",82.80,12,0.00,6.62
192,US-2023-152618,2023-03-14,2023-03-17,"First Class",RB-19465,"Rick Bensley","Home Office","United States",Chicago,Illinois,60653,Central,TEC-MA-10003626,Technology,Machines,"Hewlett-Packard Deskjet 6540 Color Inkjet Printer",574.91,2,0.30,156.05
193,US-2023-149958,2023-03-15,2023-03-19,"Standard Class",AS-10240,"Alan Shonely",Consumer,"United States",Tampa,Florida,33614,South,FUR-FU-10001756,Furniture,Furnishings,"Eldon Expressions Desk Accessory, Wood Photo Frame, Mahogany",45.70,3,0.20,5.14
195,US-2023-149958,2023-03-15,2023-03-19,"Standard Class",AS-10240,"Alan Shonely",Consumer,"United States",Tampa,Florida,33614,South,OFF-BI-10001543,"Office Supplies",Binders,"GBC VeloBinder Manual Binding System",43.19,4,0.70,-31.67
196,US-2023-149958,2023-03-15,2023-03-19,"Standard Class",AS-10240,"Alan Shonely",Consumer,"United States",Tampa,Florida,33614,South,OFF-PA-10002120,"Office Supplies",Paper,"Xerox 1889",131.90,3,0.20,47.82
198,US-2023-157609,2023-03-16,2023-03-21,"Second Class",KN-16705,"Kristina Nunn","Home Office","United States",Raleigh,"North Carolina",27604,South,TEC-PH-10002415,Technology,Phones,"Polycom VoiceStation 500 Conference phone",471.92,2,0.20,29.50
200,US-2023-148838,2023-03-17,2023-03-21,"Standard Class",CP-12340,"Christine Phan",Corporate,"United States","New York City","New York",10024,East,FUR-TA-10003473,Furniture,Tables,"Bretford Rectangular Conference Table Tops",1579.75,7,0.40,-447.59
201,US-2023-148838,2023-03-17,2023-03-21,"Standard Class",CP-12340,"Christine Phan",Corporate,"United States","New York City","New York",10024,East,FUR-TA-10004175,Furniture,Tables,"Hon 30" x 60" Table with Locking Drawer",613.91,3,0.40,-122.78
202,US-2023-118339,2023-03-17,2023-03-24,"Standard Class",BN-11515,"Bradley Nguyen",Consumer,"United States",Lakeville,Minnesota,55044,Central,OFF-AP-10001154,"Office Supplies",Appliances,"Bionaire Personal Warm Mist Humidifier/Vaporizer",93.78,2,0.00,36.57
203,US-2023-164763,2023-03-17,2023-03-21,"Standard Class",MH-17440,"Mark Haberlin",Corporate,"United States",Jackson,Mississippi,39212,South,OFF-AP-10003971,"Office Supplies",Appliances,"Belkin 6 Outlet Metallic Surge Strip",32.67,3,0.00,8.49
204,US-2023-158442,2023-03-17,2023-03-17,"Same Day",AZ-10750,"Annie Zypern",Consumer,"United States",Dallas,Texas,75217,Central,OFF-AR-10003732,"Office Supplies",Art,"Newell 333",4.45,160,0.20,0.33
205,US-2023-118339,2023-03-17,2023-03-24,"Standard Class",BN-11515,"Bradley Nguyen",Consumer,"United States",Lakeville,Minnesota,55044,Central,OFF-AR-10003829,"Office Supplies",Art,"Newell 35",19.68,6,0.00,5.71
206,US-2023-118339,2023-03-17,2023-03-24,"Standard Class",BN-11515,"Bradley Nguyen",Consumer,"United States",Lakeville,Minnesota,55044,Central,OFF-BI-10000136,"Office Supplies",Binders,"Avery Non-Stick Heavy Duty View Round Locking Ring Binders",35.88,6,0.00,17.22
207,US-2023-164763,2023-03-17,2023-03-21,Unknown,MH-17440,"Mark Haberlin",Corporate,"United States",Jackson,Mississippi,39212,South,OFF-BI-10000309,"Office Supplies",Binders,"GBC Twin Loop Wire Binding Elements, 9/16" Spine, Black",30.44,2,0.00,14.92
208,US-2023-164763,2023-03-17,2023-03-21,"Standard Class",MH-17440,"Mark Haberlin",Corporate,"United States",Jackson,Mississippi,39212,South,OFF-BI-10000605,"Office Supplies",Binders,"Acco Pressboard Covers with Storage Hooks, 9 1/2" x 11", Executive Red",11.43,3,0.00,5.37
209,US-2023-118339,2023-03-17,2023-03-24,Unknown,BN-11515,"Bradley Nguyen",Consumer,"United States",Lakeville,Minnesota,55044,Central,OFF-BI-10001758,"Office Supplies",Binders,"Wilson Jones 14 Line Acrylic Coated Pressboard Data Binders",53.40,10,0.00,25.10
210,US-2023-118339,2023-03-17,2023-03-24,"Standard Class",BN-11515,"Bradley Nguyen",Consumer,"United States",Lakeville,Minnesota,55044,Central,OFF-PA-10000466,"Office Supplies",Paper,"Memo Book, 100 Message Capacity, 5 3/8” x 11”",47.18,7,0.00,23.59
212,US-2023-158442,2023-03-17,2023-03-17,"Same Day",AZ-10750,"Annie Zypern",Consumer,"United States",Dallas,Texas,75217,Central,OFF-PA-10002195,"Office Supplies",Paper,"Xerox 1966",5.18,1,0.20,1.88
213,US-2023-158442,2023-03-17,2023-03-17,Unknown,AZ-10750,"Annie Zypern",Consumer,"United States",Dallas,Texas,75217,Central,OFF-PA-10002365,"Office Supplies",Paper,"Xerox 1967",15.55,3,0.20,5.44
214,US-2023-148838,2023-03-17,2023-03-21,"Standard Class",CP-12340,"Christine Phan",Corporate,"United States","New York City","New York",10024,East,OFF-PA-10002960,"Office Supplies",Paper,"Xerox 1926",34.86,7,0.00,16.38
215,US-2023-164763,2023-03-17,2023-03-21,"Standard Class",MH-17440,"Mark Haberlin",Corporate,"United States",Jackson,Mississippi,39212,South,OFF-PA-10003063,"Office Supplies",Paper,"EcoTones Memo Sheets",16.00,4,0.00,7.68
216,US-2023-164763,2023-03-17,2023-03-21,"Standard Class",MH-17440,"Mark Haberlin",Corporate,"United States",Jackson,Mississippi,39212,South,OFF-PA-10003349,"Office Supplies",Paper,"Xerox 1957",12.96,2,0.00,6.35
220,US-2023-145317,2023-03-18,2023-03-23,"Standard Class",SM-20320,"Sean Miller","Home Office","United States",Jacksonville,Florida,32216,South,FUR-FU-10004270,Furniture,Furnishings,"Executive Impressions 13" Clairmont Wall Clock",30.77,2,0.20,8.08
221,US-2023-131275,2023-03-18,2023-03-24,"Standard Class",SC-20050,"Sample Company A","Home Office","United States",Burbank,California,91505,West,FUR-FU-10004597,Furniture,Furnishings,"Eldon Cleatmat Chair Mats for Medium Pile Carpets",111.00,2,0.00,-555.00
222,US-2023-145317,2023-03-18,2023-03-23,"Standard Class",SM-20320,"Sean Miller","Home Office","United States",Jacksonville,Florida,32216,South,OFF-AR-10003183,"Office Supplies",Art,"Avery Fluorescent Highlighter Four-Color Set",8.02,3,0.20,1.00
223,US-2023-145317,2023-03-18,2023-03-23,"Standard Class",SM-20320,"Sean Miller","Home Office","United States",Jacksonville,Florida,32216,South,OFF-FA-10003112,"Office Supplies",Fasteners,Staples,18.94,3,0.20,5.92
225,US-2023-131275,2023-03-18,2023-03-24,"Standard Class",SC-20050,"Sample Company A","Home Office","United States",Burbank,California,91505,West,OFF-ST-10000078,"Office Supplies",Storage,"Tennsco 6- and 18-Compartment Lockers",1856.19,7,0.00,334.11
227,US-2023-145317,2023-03-18,2023-03-23,"Standard Class",SM-20320,"Sean Miller","Home Office","United States",Jacksonville,Florida,32216,South,TEC-MA-10002412,Technology,Machines,"Cisco TelePresence System EX90 Videoconferencing Unit",22638.48,6,0.50,-1811.08
228,US-2023-145317,2023-03-18,2023-03-23,"Standard Class",SM-20320,"Sean Miller","Home Office","United States",Jacksonville,Florida,32216,South,TEC-MA-10003626,Technology,Machines,"Hewlett-Packard Deskjet 6540 Color Inkjet Printer",821.30,4,0.50,-16.43
229,US-2023-103989,2023-03-19,2023-03-21,"First Class",MC-17605,"Matt Connell",Corporate,"United States",Lakeland,Florida,33801,South,FUR-FU-10002508,Furniture,Furnishings,"Document Clip Frames",20.02,3,0.20,5.50
230,US-2023-103989,2023-03-19,2023-03-21,"First Class",MC-17605,"Matt Connell",Corporate,"United States",Lakeland,Florida,33801,South,FUR-FU-10003981,Furniture,Furnishings,"Eldon Wave Desk Accessories",4.99,3,0.20,-24.96
231,US-2023-103989,2023-03-19,2023-03-21,"First Class",MC-17605,"Matt Connell",Corporate,"United States",Lakeland,Florida,33801,South,OFF-BI-10001196,"Office Supplies",Binders,"Avery Flip-Chart Easel Binder, Black",33.57,5,0.70,-25.74
232,US-2023-103989,2023-03-19,2023-03-21,"First Class",MC-17605,"Matt Connell",Corporate,"United States",Lakeland,Florida,33801,South,OFF-LA-10000443,"Office Supplies",Labels,"Avery 501",11.81,4,0.20,3.99
233,US-2023-103989,2023-03-19,2023-03-21,"First Class",MC-17605,"Matt Connell",Corporate,"United States",Lakeland,Florida,33801,South,OFF-ST-10000918,"Office Supplies",Storage,Crate-A-Files,26.16,3,0.20,1.96
234,US-2023-103989,2023-03-19,2023-03-21,"First Class",MC-17605,"Matt Connell",Corporate,"United States",Lakeland,Florida,33801,South,TEC-AC-10002647,Technology,Accessories,"Logitech Wireless Boombox Speaker - portable - wireless, wired",170.24,2,0.20,53.20
235,US-2023-103989,2023-03-19,2023-03-21,"First Class",MC-17605,"Matt Connell",Corporate,"United States",Lakeland,Florida,33801,South,TEC-PH-10004667,Technology,Phones,"Cisco 8x8 Inc. 6753i IP Business Phone System",323.98,3,0.20,28.35
236,US-2023-155544,2023-03-21,2023-03-25,"Standard Class",GM-14440,"Gary McGarr",Consumer,"United States",Knoxville,Tennessee,37918,South,FUR-CH-10000422,Furniture,Chairs,"Global Highback Leather Tilter in Burgundy",218.38,3,0.20,-10.92
237,US-2023-155544,2023-03-21,2023-03-25,Unknown,GM-14440,"Gary McGarr",Consumer,"United States",Knoxville,Tennessee,37918,South,FUR-FU-10001473,Furniture,Furnishings,"DAX Wood Document Frame",32.95,3,0.20,6.59
238,US-2023-163223,2023-03-21,2023-03-25,"Standard Class",KH-16690,"Kristen Hastings",Corporate,"United States",Springfield,Virginia,22153,South,OFF-AR-10001573,"Office Supplies",Art,"American Pencil",9.32,4,0.00,2.70
239,US-2023-140004,2023-03-21,2023-03-25,"Standard Class",CB-12025,"Cassandra Brandow",Consumer,"United States",Hamilton,Ohio,45011,East,OFF-AR-10004027,"Office Supplies",Art,"Binney & Smith inkTank Erasable Desk Highlighter, Chisel Tip, Yellow, 12/Box",6.05,3,0.20,1.59
241,US-2023-163223,2023-03-21,2023-03-25,"Standard Class",KH-16690,"Kristen Hastings",Corporate,"United States",Springfield,Virginia,22153,South,OFF-BI-10001597,"Office Supplies",Binders,"Wilson Jones Ledger-Size, Piano-Hinge Binder, 2", Blue",122.94,3,0.00,59.01
242,US-2023-163223,2023-03-21,2023-03-25,"Standard Class",KH-16690,"Kristen Hastings",Corporate,"United States",Springfield,Virginia,22153,South,OFF-LA-10004409,"Office Supplies",Labels,"Avery 492",14.40,5,0.00,6.62
243,US-2023-155544,2023-03-21,2023-03-25,"Standard Class",GM-14440,"Gary McGarr",Consumer,"United States",Knoxville,Tennessee,37918,South,OFF-LA-10004544,"Office Supplies",Labels,"Avery 505",59.20,5,0.20,22.20
244,US-2023-163223,2023-03-21,2023-03-25,"Standard Class",KH-16690,"Kristen Hastings",Corporate,"United States",Springfield,Virginia,22153,South,OFF-PA-10000675,"Office Supplies",Paper,"Xerox 1919",122.97,3,0.00,60.26
245,US-2023-107405,2023-03-21,2023-03-25,"Standard Class",TS-21205,"Thomas Seio",Corporate,"United States",Asheville,"North Carolina",28806,South,OFF-ST-10002301,"Office Supplies",Storage,"Tennsco Commercial Shelving",16.27,1,0.20,-3.86
247,US-2023-148040,2023-03-22,2023-03-26,"Standard Class",BF-11275,"Beth Fritzler",Corporate,"United States",Tucson,Arizona,85705,West,FUR-CH-10001482,Furniture,Chairs,"Office Star - Mesh Screen back chair with Vinyl seat",314.35,3,0.20,-35.36
250,US-2023-158057,2023-03-22,2023-03-26,"Standard Class",CC-12685,"Craig Carroll",Consumer,"United States",Greensboro,"North Carolina",27405,South,OFF-BI-10004410,"Office Supplies",Binders,"C-Line Peel & Stick Add-On Filing Pockets, 8-3/4 x 5-1/8, 10/Pack",7.64,4,0.70,-5.86
251,US-2023-148040,2023-03-22,2023-03-26,"Standard Class",BF-11275,"Beth Fritzler",Corporate,"United States",Tucson,Arizona,85705,West,OFF-PA-10002581,"Office Supplies",Paper,"Xerox 1951",74.35,3,0.20,23.23
253,US-2023-120838,2023-03-23,2023-03-26,"Second Class",PO-18865,"Patrick O'Donnell",Consumer,"United States","Los Angeles",California,90036,West,OFF-ST-10000585,"Office Supplies",Storage,"Economy Rollaway Files",330.40,2,0.00,85.90
254,US-2023-120838,2023-03-23,2023-03-26,"Second Class",PO-18865,"Patrick O'Donnell",Consumer,"United States","Los Angeles",California,90036,West,TEC-PH-10003484,Technology,Phones,"Ooma Telo VoIP Home Phone System",604.75,6,0.20,37.80
255,US-2023-143637,2023-03-24,2023-03-29,"Second Class",MS-17710,"Maurice Satty",Consumer,"United States",Fresno,California,93727,West,FUR-FU-10002813,Furniture,Furnishings,"DAX Contemporary Wood Frame with Silver Metal Mat, Desktop, 11 x 14 Size",40.48,2,0.00,14.57
256,US-2023-147235,2023-03-24,2023-03-28,"Standard Class",CD-11920,"Carlos Daly",Consumer,"United States","New York City","New York",10024,East,OFF-PA-10004948,"Office Supplies",Paper,"Xerox 190",24.90,5,0.00,11.70
257,US-2023-148586,2023-03-25,2023-04-01,"Standard Class",AZ-10750,"Annie Zypern",Consumer,"United States","New York City","New York",10009,East,FUR-CH-10002439,Furniture,Chairs,"Iceberg Nesting Folding Chair, 19w x 6d x 43h",366.79,7,0.10,65.21
258,US-2023-128237,2023-03-25,2023-03-30,"Standard Class",CA-12265,"Christina Anderson",Consumer,"United States","San Francisco",California,94110,West,OFF-AR-10000034,"Office Supplies",Art,"BIC Brite Liner Grip Highlighters, Assorted, 5/Pack",25.44,6,0.00,9.92
259,US-2023-128237,2023-03-25,2023-03-30,"Standard Class",CA-12265,"Christina Anderson",Consumer,"United States","San Francisco",California,94110,West,OFF-AR-10003338,"Office Supplies",Art,"Eberhard Faber 3 1/2" Golf Pencils",14.88,2,0.00,3.72
261,US-2023-128237,2023-03-25,2023-03-30,"Standard Class",CA-12265,"Christina Anderson",Consumer,"United States","San Francisco",California,94110,West,TEC-AC-10002558,Technology,Accessories,"Imation Swivel Flash Drive USB flash drive - 8 GB",45.48,4,0.00,15.92
262,US-2023-141838,2023-03-26,2023-03-31,"Second Class",DK-12835,"Damala Kotsonis",Corporate,"United States","San Francisco",California,94122,West,OFF-AR-10004272,"Office Supplies",Art,"Newell 308",3.36,2,0.00,0.84
263,US-2023-141838,2023-03-26,2023-03-31,"Second Class",DK-12835,"Damala Kotsonis",Corporate,"United States","San Francisco",California,94122,West,OFF-BI-10003291,"Office Supplies",Binders,"Wilson Jones Leather-Like Binders with DublLock Round Rings",27.94,4,0.20,9.43
265,US-2023-138436,2023-03-26,2023-03-30,"Standard Class",JD-15895,"Jonathan Doherty",Corporate,"United States","Los Angeles",California,90036,West,TEC-AC-10002323,Technology,Accessories,"SanDisk Ultra 32 GB MicroSDHC Class 10 Memory Card",66.30,3,0.00,8.62
267,US-2023-117380,2023-03-28,2023-04-03,"Standard Class",MP-18175,"Mike Pelletier","Home Office","United States",Springfield,Ohio,45503,East,FUR-TA-10000198,Furniture,Tables,"Chromcraft Bull-Nose Wood Oval Conference Tables & Bases",330.59,1,0.40,-143.25
269,US-2023-137869,2023-03-28,2023-04-02,"Standard Class",CV-12295,"Christina VanderZanden",Consumer,"United States","Des Moines",Iowa,50315,Central,OFF-EN-10001509,"Office Supplies",Envelopes,"Poly String Tie Envelopes",6.12,3,0.00,2.88
270,US-2023-100881,2023-03-28,2023-04-01,"Standard Class",DR-12940,"Daniel Raglin","Home Office","United States",Albuquerque,"New Mexico",87105,West,TEC-PH-10003273,Technology,Phones,"AT&T TR1909W",302.38,3,0.20,22.68
271,US-2023-137274,2023-03-29,2023-04-02,"Standard Class",MG-18145,"Mike Gockenbach",Consumer,"United States",Plano,Texas,75023,Central,FUR-TA-10001889,Furniture,Tables,"Bush Advantage Collection Racetrack Conference Table",890.84,3,0.30,-152.72
272,US-2023-131247,2023-03-30,2023-04-04,"Standard Class",GA-14725,"Guy Armstrong",Consumer,"United States","San Francisco",California,94110,West,FUR-BO-10001337,Furniture,Bookcases,"O'Sullivan Living Dimensions 2-Shelf Bookcases",205.67,2,0.15,-12.10
273,US-2023-162089,2023-03-30,2023-04-01,"First Class",MP-17470,"Mark Packer","Home Office","United States",Brownsville,Texas,78521,Central,FUR-CH-10002304,Furniture,Chairs,"Global Stack Chair without Arms, Black",127.30,7,0.30,-9.09
274,US-2023-105151,2023-03-30,2023-03-31,"First Class",SG-20890,"Susan Gilcrest",Corporate,"United States","New York City","New York",10009,East,OFF-AR-10001231,"Office Supplies",Art,"Sanford EarthWrite Recycled Pencils, Medium Soft, #2",10.50,5,0.00,2.94
276,US-2023-162089,2023-03-30,2023-04-01,"First Class",MP-17470,"Mark Packer","Home Office","United States",Brownsville,Texas,78521,Central,OFF-EN-10002230,"Office Supplies",Envelopes,"Airmail Envelopes",335.72,5,0.20,113.31
277,US-2023-133424,2023-03-30,2023-04-04,"Standard Class",Dl-13600,"Dorris liebe",Corporate,"United States",Seattle,Washington,98105,West,OFF-LA-10002312,"Office Supplies",Labels,"Avery 490",44.40,3,0.00,22.20
278,US-2023-113124,2023-03-30,2023-04-05,"Standard Class",NC-18340,"Nat Carroll",Consumer,"United States","Apple Valley",Minnesota,55124,Central,OFF-ST-10001511,"Office Supplies",Storage,"Space Solutions Commercial Steel Shelving",129.30,160,0.00,6.46
279,US-2023-133424,2023-03-30,2023-04-04,"Standard Class",Dl-13600,"Dorris liebe",Corporate,"United States",Seattle,Washington,98105,West,OFF-ST-10002957,"Office Supplies",Storage,"Sterilite Show Offs Storage Containers",15.84,3,0.00,0.00
280,US-2023-162089,2023-03-30,2023-04-01,"First Class",MP-17470,"Mark Packer","Home Office","United States",Brownsville,Texas,78521,Central,TEC-PH-10001819,Technology,Phones,"Innergie mMini Combo Duo USB Travel Charging Kit",251.94,7,0.20,88.18
281,US-2023-130428,2023-03-31,2023-03-31,"Same Day",TG-21640,"Trudy Glocke",Consumer,"United States",Tampa,Florida,33614,South,FUR-CH-10002965,Furniture,Chairs,"Global Leather Highback Executive Chair with Pneumatic Height Adjustment, Black",1125.49,7,0.20,98.48
284,US-2023-101770,2023-03-31,2023-04-04,"Standard Class",KB-16240,"Karen Bern",Corporate,"United States",Miami,Florida,33180,South,OFF-BI-10001097,"Office Supplies",Binders,"Avery Hole Reinforcements",1.87,1,0.70,-1.31
285,US-2023-130428,2023-03-31,2023-03-31,"Same Day",TG-21640,"Trudy Glocke",Consumer,"United States",Tampa,Florida,33614,South,OFF-BI-10001636,"Office Supplies",Binders,"Ibico Plastic and Wire Spiral Binding Combs",12.65,5,0.70,-10.12
288,US-2023-128055,2023-03-31,2023-04-05,"Standard Class",AA-10315,"Alex Avila",Consumer,"United States","San Francisco",California,94122,West,OFF-BI-10004390,"Office Supplies",Binders,"GBC DocuBind 200 Manual Binding Machine",673.57,2,0.20,252.59
289,US-2023-104759,2023-03-31,2023-04-04,Unknown,DD-13570,"Dorothy Dickinson",Consumer,"United States",Chicago,Illinois,60610,Central,TEC-AC-10004901,Technology,Accessories,"Kensington SlimBlade Notebook Wireless Mouse with Nano Receiver",79.98,2,0.20,14.00
290,US-2023-157021,2023-04-01,2023-04-06,"Second Class",KM-16720,"Kunst Miller",Consumer,"United States",Vallejo,California,94591,West,OFF-BI-10000042,"Office Supplies",Binders,"Pressboard Data Binder, Crimson, 12" X 8 1/2"",17.09,4,0.20,5.55
291,US-2023-138359,2023-04-01,2023-04-06,"Standard Class",KH-16330,"Katharine Harms",Corporate,"United States",Revere,Massachusetts,2151,East,OFF-BI-10000145,"Office Supplies",Binders,"Zipper Ring Binder Pockets",6.24,2,0.00,3.06
293,US-2023-138359,2023-04-01,2023-04-06,"Standard Class",KH-16330,"Katharine Harms",Corporate,"United States",Revere,Massachusetts,2151,East,OFF-ST-10000636,"Office Supplies",Storage,"Rogers Profile Extra Capacity Storage Tub",66.96,4,0.00,2.68
295,US-2023-164315,2023-04-02,2023-04-08,"Standard Class",RD-19585,"Rob Dowd",Consumer,"United States",Athens,Georgia,30605,South,OFF-AP-10003842,"Office Supplies",Appliances,"Euro-Pro Shark Turbo Vacuum",154.90,5,0.00,40.27
297,US-2023-157847,2023-04-02,2023-04-06,"Second Class",SC-20020,"Sam Craven",Consumer,"United States",Houston,Texas,77095,Central,OFF-PA-10002986,"Office Supplies",Paper,"Xerox 1898",26.72,5,0.20,9.35
300,US-2023-112291,2023-04-03,2023-04-08,"Standard Class",KE-16420,"Katrina Edelman",Corporate,"United States","Los Angeles",California,90008,West,OFF-EN-10001415,"Office Supplies",Envelopes,"Staple envelope",11.16,2,0.00,5.58
301,US-2023-112291,2023-04-03,2023-04-08,"Standard Class",KE-16420,"Katrina Edelman",Corporate,"United States","Los Angeles",California,90008,West,TEC-AC-10000736,Technology,Accessories,"Logitech G600 MMO Gaming Mouse",159.98,2,0.00,57.59
302,US-2023-112291,2023-04-03,2023-04-08,"Standard Class",KE-16420,"Katrina Edelman",Corporate,"United States","Los Angeles",California,90008,West,TEC-AC-10001284,Technology,Accessories,"Enermax Briskie RF Wireless Keyboard and Mouse Combo",62.31,3,0.00,22.43
303,US-2023-133228,2023-04-04,2023-04-09,Unknown,MS-17710,"Maurice Satty",Consumer,"United States",Detroit,Michigan,48205,Central,FUR-FU-10004020,Furniture,Furnishings,"Advantus Panel Wall Acrylic Frame",5.47,1,0.00,2.35
306,US-2023-105172,2023-04-04,2023-04-09,Unknown,PK-18910,"Paul Knutson","Home Office","United States","San Francisco",California,94109,West,OFF-LA-10001641,"Office Supplies",Labels,"Avery 518",18.90,6,0.00,9.07
307,US-2023-149538,2023-04-04,2023-04-08,"Standard Class",KB-16585,"Ken Black",Corporate,"United States",Lafayette,Louisiana,70506,South,OFF-PA-10002195,"Office Supplies",Paper,"Xerox 1966",12.96,2,0.00,6.35
308,US-2023-149538,2023-04-04,2023-04-08,"Standard Class",KB-16585,"Ken Black",Corporate,"United States",Lafayette,Louisiana,70506,South,OFF-PA-10003797,"Office Supplies",Paper,"Xerox 209",19.44,3,0.00,9.33
310,US-2023-149538,2023-04-04,2023-04-08,"Standard Class",KB-16585,"Ken Black",Corporate,"United States",Lafayette,Louisiana,70506,South,TEC-AC-10002926,Technology,Accessories,"Logitech Wireless Marathon Mouse M705",99.98,2,0.00,42.99
313,US-2023-149104,2023-04-05,2023-04-07,"Second Class",RD-19900,"Ruben Dartt",Consumer,"United States","Dearborn Heights",Michigan,48127,Central,OFF-AR-10004685,"Office Supplies",Art,"Binney & Smith Crayola Metallic Colored Pencils, 8-Color Set",13.89,3,0.00,4.58
315,US-2023-157231,2023-04-05,2023-04-09,Unknown,RP-19855,"Roy Phan",Corporate,"United States",Richmond,Kentucky,40475,South,OFF-BI-10002852,"Office Supplies",Binders,"Ibico Standard Transparent Covers",115.36,7,0.00,56.53
317,US-2023-102988,2023-04-05,2023-04-09,"Second Class",GM-14695,"Greg Maxwell",Corporate,"United States",Alexandria,Virginia,22304,South,OFF-PA-10003349,"Office Supplies",Paper,"Xerox 1957",12.96,2,0.00,6.35
318,US-2023-113887,2023-04-05,2023-04-07,"First Class",TH-21550,"Tracy Hopkins","Home Office","United States","New York City","New York",10035,East,OFF-PA-10004071,"Office Supplies",Paper,"Eaton Premium Continuous-Feed Paper, 25% Cotton, Letter Size, White, 1000 Shts/Box",55.48,1,0.00,26.63
320,US-2023-151001,2023-04-05,2023-04-07,Unknown,JG-15805,"John Grady",Corporate,"United States",Decatur,Illinois,62521,Central,OFF-ST-10001031,"Office Supplies",Storage,"Adjustable Personal File Tote",52.10,4,0.20,3.91
321,US-2023-151001,2023-04-05,2023-04-07,"First Class",JG-15805,"John Grady",Corporate,"United States",Decatur,Illinois,62521,Central,OFF-ST-10003455,"Office Supplies",Storage,"Tenex File Box, Personal Filing Tote with Lid, Black",49.63,4,0.20,3.72
324,US-2023-102652,2023-04-06,2023-04-12,"Standard Class",AY-10555,"Andy Yotov",Corporate,"United States","Los Angeles",California,90049,West,FUR-FU-10000747,Furniture,Furnishings,"Tenex B1-RE Series Chair Mats for Low Pile Carpets",91.96,2,0.00,15.63
325,US-2023-102652,2023-04-06,2023-04-12,"Standard Class",AY-10555,"Andy Yotov",Corporate,"United States","Los Angeles",California,90049,West,FUR-FU-10001918,Furniture,Furnishings,"C-Line Cubicle Keepers Polyproplyene Holder With Velcro Backings",33.11,7,0.00,12.91
326,US-2023-169803,2023-04-06,2023-04-12,"Standard Class",SC-20260,"Scott Cohen",Corporate,"United States",Seattle,Washington,98115,West,FUR-TA-10000688,Furniture,Tables,"Chromcraft Bull-Nose Wood Round Conference Table Top, Wood Base",653.55,3,0.00,111.10
328,US-2023-153808,2023-04-06,2023-04-10,"Second Class",FH-14275,"Frank Hawley",Corporate,"United States","Los Angeles",California,90004,West,OFF-AR-10001725,"Office Supplies",Art,"Boston Home & Office Model 2000 Electric Pencil Sharpeners",70.95,3,0.00,18.45
329,US-2023-153808,2023-04-06,2023-04-10,"Second Class",FH-14275,"Frank Hawley",Corporate,"United States","Los Angeles",California,90004,West,OFF-BI-10002794,"Office Supplies",Binders,"Avery Trapezoid Ring Binder, 3" Capacity, Black, 1040 sheets",65.57,2,0.20,23.77
330,US-2023-136742,2023-04-06,2023-04-10,"Standard Class",GP-14740,"Guy Phonely",Corporate,"United States",Lancaster,Pennsylvania,17602,East,OFF-BI-10003719,"Office Supplies",Binders,"Large Capacity Hanging Post Binders",44.91,6,0.70,-35.93
332,US-2023-102652,2023-04-06,2023-04-12,"Standard Class",AY-10555,"Andy Yotov",Corporate,"United States","Los Angeles",California,90049,West,OFF-PA-10003309,"Office Supplies",Paper,"Xerox 211",19.44,3,0.00,9.33
333,US-2023-118486,2023-04-06,2023-04-08,"First Class",SD-20485,"Shirley Daniels","Home Office","United States",Philadelphia,Pennsylvania,19143,East,OFF-SU-10004498,"Office Supplies",Supplies,"Martin-Yale Premier Letter Opener",10.30,1,0.20,-2.19
335,US-2023-153808,2023-04-06,2023-04-10,"Second Class",FH-14275,"Frank Hawley",Corporate,"United States","Los Angeles",California,90004,West,TEC-AC-10004171,Technology,Accessories,"Razer Kraken 7.1 Surround Sound Over Ear USB Gaming Headset",299.97,3,0.00,131.99
338,US-2023-128846,2023-04-07,2023-04-12,"Standard Class",RS-19765,"Roland Schwarz",Corporate,"United States",Columbia,"South Carolina",29203,South,OFF-PA-10000100,"Office Supplies",Paper,"Xerox 1945",122.97,3,0.00,60.26
339,US-2023-165806,2023-04-07,2023-04-07,"Same Day",VM-21685,"Valerie Mitchum","Home Office","United States",Marietta,Georgia,30062,South,OFF-PA-10003441,"Office Supplies",Paper,"Xerox 226",58.32,9,0.00,27.99
340,US-2023-128846,2023-04-07,2023-04-12,"Standard Class",RS-19765,"Roland Schwarz",Corporate,"United States",Columbia,"South Carolina",29203,South,TEC-PH-10003273,Technology,Phones,"AT&T TR1909W",629.95,5,0.00,163.79
341,US-2023-165806,2023-04-07,2023-04-07,"Same Day",VM-21685,"Valerie Mitchum","Home Office","United States",Marietta,Georgia,30062,South,TEC-PH-10004922,Technology,Phones,"RCA Visys Integrated PBX 8-Line Router",200.97,3,0.00,50.24
344,US-2023-121769,2023-04-08,2023-04-12,"Standard Class",JS-15880,"John Stevenson",Consumer,"United States",Toledo,Ohio,43615,East,FUR-TA-10004442,Furniture,Tables,"Riverside Furniture Stanwyck Manor Table Series",172.11,1,0.40,-94.66
345,US-2023-100363,2023-04-08,2023-04-15,"Standard Class",JM-15655,"Jim Mitchum",Corporate,"United States",Glendale,Arizona,85301,West,OFF-FA-10000611,"Office Supplies",Fasteners,"Binder Clips by OIC",2.37,2,0.20,0.83
349,US-2023-121734,2023-04-11,2023-04-16,"Standard Class",SE-20110,"Sanjit Engle",Consumer,"United States",Lewiston,Idaho,83501,West,OFF-BI-10004817,"Office Supplies",Binders,"GBC Personal VeloBind Strips",9.58,1,0.20,3.35
351,US-2023-102715,2023-04-11,2023-04-13,"Second Class",JK-15370,"Jay Kimmel",Consumer,"United States",Miami,Florida,33180,South,OFF-PA-10000029,"Office Supplies",Paper,"Xerox 224",10.37,2,0.20,3.63
353,US-2023-102715,2023-04-11,2023-04-13,"Second Class",JK-15370,"Jay Kimmel",Consumer,"United States",Miami,Florida,33180,South,TEC-AC-10001874,Technology,Accessories,"Logitech Wireless Anywhere Mouse MX for PC and Mac",335.94,7,0.20,41.99
354,US-2023-102715,2023-04-11,2023-04-13,"Second Class",JK-15370,"Jay Kimmel",Consumer,"United States",Miami,Florida,33180,South,TEC-AC-10002001,Technology,Accessories,"Logitech Wireless Gaming Headset G930",383.98,3,0.20,81.59
355,US-2023-110555,2023-04-11,2023-04-18,"Standard Class",MM-18055,"Michelle Moray",Consumer,"United States","Great Falls",Montana,59405,West,TEC-AC-10003399,Technology,Accessories,"Memorex Mini Travel Drive 64 GB USB 2.0 Flash Drive",217.44,6,0.00,91.32
356,US-2023-110555,2023-04-11,2023-04-18,"Standard Class",MM-18055,"Michelle Moray",Consumer,"United States","Great Falls",Montana,59405,West,TEC-PH-10000586,Technology,Phones,"AT&T SB67148 SynJ",105.58,2,0.20,9.24
357,US-2023-138940,2023-04-11,2023-04-16,"Second Class",GM-14455,"Gary Mitchum","Home Office","United States",Austin,Texas,78745,Central,TEC-PH-10001835,Technology,Phones,"Jawbone JAMBOX Wireless Bluetooth Speaker",758.35,6,0.20,265.42
358,US-2023-154599,2023-04-12,2023-04-17,"Standard Class",KN-16450,"Kean Nguyen",Corporate,"United States","Redondo Beach",California,90278,West,FUR-BO-10001337,Furniture,Bookcases,"O'Sullivan Living Dimensions 2-Shelf Bookcases",308.50,3,0.15,-18.15
359,US-2023-142979,2023-04-12,2023-04-18,Unknown,EH-13765,"Edward Hooks",Corporate,"United States",Lodi,California,95240,West,OFF-AR-10002987,"Office Supplies",Art,"Prismacolor Color Pencil Set",39.68,2,0.00,16.27
360,US-2023-154599,2023-04-12,2023-04-17,"Standard Class",KN-16450,"Kean Nguyen",Corporate,"United States","Redondo Beach",California,90278,West,OFF-BI-10002764,"Office Supplies",Binders,"Recycled Pressboard Report Cover with Reinforced Top Hinge",18.09,7,0.20,6.56
361,US-2023-158365,2023-04-12,2023-04-17,"Standard Class",SV-20785,"Stewart Visinsky",Consumer,"United States",Bloomington,Indiana,47401,Central,OFF-PA-10000289,"Office Supplies",Paper,"Xerox 213",32.40,5,0.00,15.55
362,US-2023-154599,2023-04-12,2023-04-17,"Standard Class",KN-16450,"Kean Nguyen",Corporate,"United States","Redondo Beach",California,90278,West,TEC-PH-10000576,Technology,Phones,"AT&T 1080 Corded phone",438.37,4,0.20,38.36
363,US-2023-154599,2023-04-12,2023-04-17,"Standard Class",KN-16450,"Kean Nguyen",Corporate,"United States","Redondo Beach",California,90278,West,TEC-PH-10001557,Technology,Phones,"Pyle PMP37LED",1075.09,14,0.20,94.07
364,US-2023-122336,2023-04-13,2023-04-17,"Second Class",JD-15895,"Jonathan Doherty",Corporate,"United States",Philadelphia,Pennsylvania,19140,East,OFF-AR-10000122,"Office Supplies",Art,"Newell 314",17.86,4,0.20,1.12
365,US-2023-122336,2023-04-13,2023-04-17,"Second Class",JD-15895,"Jonathan Doherty",Corporate,"United States",Philadelphia,Pennsylvania,19140,East,OFF-BI-10003656,"Office Supplies",Binders,"Fellowes PB200 Plastic Comb Binding Machine",509.97,10,0.70,-407.98
366,US-2023-122336,2023-04-13,2023-04-17,"Second Class",JD-15895,"Jonathan Doherty",Corporate,"United States",Philadelphia,Pennsylvania,19140,East,OFF-FA-10002780,"Office Supplies",Fasteners,Staples,30.99,13,0.20,10.07
367,US-2023-167724,2023-04-13,2023-04-18,"Standard Class",BF-11170,"Ben Ferrer","Home Office","United States",Baltimore,Maryland,21215,East,OFF-LA-10002368,"Office Supplies",Labels,"Avery 479",7.83,3,0.00,3.60
369,US-2023-120740,2023-04-15,2023-04-15,"Same Day",PS-18970,"Paul Stevenson","Home Office","United States","Los Angeles",California,90049,West,FUR-FU-10004091,Furniture,Furnishings,"Howard Miller 13" Diameter Goldtone Round Wall Clock",187.76,4,0.55,76.98
371,US-2023-155208,2023-04-16,2023-04-20,"Standard Class",SP-20650,"Stephanie Phelps",Corporate,"United States",Wilmington,"North Carolina",28403,South,OFF-AR-10003478,"Office Supplies",Art,"Avery Hi-Liter EverBold Pen Style Fluorescent Highlighters, 4/Pack",39.07,6,0.20,9.77
373,US-2023-110849,2023-04-18,2023-04-23,"Standard Class",JL-15835,"John Lee",Consumer,"United States","Los Angeles",California,90049,West,OFF-AR-10000657,"Office Supplies",Art,"Binney & Smith inkTank Desk Highlighter, Chisel Tip, Yellow, 12/Box",10.75,5,0.00,3.55
375,US-2023-110849,2023-04-18,2023-04-23,Unknown,JL-15835,"John Lee",Consumer,"United States","Los Angeles",California,90049,West,OFF-AR-10002375,"Office Supplies",Art,"Newell 351",13.12,4,0.00,3.80
376,US-2023-100678,2023-04-18,2023-04-22,"Standard Class",KM-16720,"Kunst Miller",Consumer,"United States",Houston,Texas,77095,Central,OFF-EN-10000056,"Office Supplies",Envelopes,"Cameo Buff Policy Envelopes",149.35,3,0.20,50.41
378,US-2023-100678,2023-04-18,2023-04-22,"Standard Class",KM-16720,"Kunst Miller",Consumer,"United States",Houston,Texas,77095,Central,TEC-AC-10000474,Technology,Accessories,"Kensington Expert Mouse Optical USB Trackball for PC or Mac",227.98,3,0.20,28.50
380,US-2023-169460,2023-04-19,2023-04-21,"Second Class",NF-18595,"Nicole Fjeld","Home Office","United States","San Jose",California,95123,West,FUR-FU-10004017,Furniture,Furnishings,"Executive Impressions 13" Chairman Wall Clock",76.14,3,0.00,26.65
381,US-2023-158470,2023-04-19,2023-04-23,"Second Class",AG-10390,"Allen Goldenen",Consumer,"United States",Arlington,Virginia,22204,South,OFF-BI-10003638,"Office Supplies",Binders,"GBC Durable Plastic Covers",58.05,3,0.00,26.70
383,US-2023-101462,2023-04-20,2023-04-25,Unknown,BP-11230,"Benjamin Patterson",Consumer,"United States","Los Angeles",California,90045,West,FUR-FU-10000409,Furniture,Furnishings,"GE 4 Foot Flourescent Tube, 40 Watt",59.92,4,0.00,27.56
385,US-2023-134572,2023-04-20,2023-04-22,"Second Class",SV-20365,"Seth Vernon",Consumer,"United States",Houston,Texas,77070,Central,FUR-TA-10004442,Furniture,Tables,"Riverside Furniture Stanwyck Manor Table Series",401.59,2,0.30,-131.95
387,US-2023-158064,2023-04-21,2023-04-25,"Standard Class",AA-10375,"Allen Armold",Consumer,"United States","Los Angeles",California,90008,West,OFF-BI-10002976,"Office Supplies",Binders,"ACCOHIDE Binder by Acco",16.52,5,0.20,5.58
388,US-2023-136336,2023-04-21,2023-04-26,"Standard Class",DB-13555,"Dorothy Badders",Corporate,"United States",Henderson,Kentucky,42420,South,OFF-ST-10002574,"Office Supplies",Storage,"SAFCO Commercial Wire Shelving, Black",828.84,6,0.00,0.00
390,US-2023-122070,2023-04-22,2023-04-24,"Second Class",AH-10030,"Aaron Hawkins",Corporate,"United States",Troy,"New York",12180,East,OFF-EN-10004773,"Office Supplies",Envelopes,"Staple envelope",247.84,8,0.00,121.44
391,US-2023-150119,2023-04-23,2023-04-27,"Standard Class",LB-16795,"Laurel Beltran","Home Office","United States",Columbus,Ohio,43229,East,FUR-CH-10002965,Furniture,Chairs,"Global Leather Highback Executive Chair with Pneumatic Height Adjustment, Black",281.37,2,0.30,-12.06
392,US-2023-150119,2023-04-23,2023-04-27,"Standard Class",LB-16795,"Laurel Beltran","Home Office","United States",Columbus,Ohio,43229,East,FUR-CH-10002965,Furniture,Chairs,"Global Leather Highback Executive Chair with Pneumatic Height Adjustment, Black",281.37,2,0.30,-12.06
393,US-2023-150119,2023-04-23,2023-04-27,"Standard Class",LB-16795,"Laurel Beltran","Home Office","United States",Columbus,Ohio,43229,East,FUR-FU-10002191,Furniture,Furnishings,"G.E. Halogen Desk Lamp Bulbs",22.34,320,0.20,7.82
395,US-2023-112564,2023-04-23,2023-04-24,"First Class",TS-21160,"Theresa Swint",Corporate,"United States",Philadelphia,Pennsylvania,19134,East,OFF-BI-10004876,"Office Supplies",Binders,"Wilson Jones Suede Grain Vinyl Binders",2.50,3,0.70,-1.75
396,US-2023-111857,2023-04-23,2023-04-26,"Second Class",NM-18445,"Nathan Mautz","Home Office","United States","San Francisco",California,94109,West,OFF-PA-10001878,"Office Supplies",Paper,"Xerox 1891",48.91,1,0.00,22.99
397,US-2023-166954,2023-04-25,2023-04-30,"Standard Class",BT-11305,"Beth Thompson","Home Office","United States","San Gabriel",California,91776,West,FUR-CH-10003973,Furniture,Chairs,"GuestStacker Chair with Chrome Finish Legs",1487.04,5,0.20,148.70
399,US-2023-166954,2023-04-25,2023-04-30,"Standard Class",BT-11305,"Beth Thompson","Home Office","United States","San Gabriel",California,91776,West,OFF-AP-10001391,"Office Supplies",Appliances,"Kensington 6 Outlet MasterPiece HOMEOFFICE Power Control Center",270.72,3,0.00,78.51
401,US-2023-157406,2023-04-25,2023-04-29,"Standard Class",DA-13450,"Dianna Arnett","Home Office","United States",Houston,Texas,77095,Central,OFF-PA-10003543,"Office Supplies",Paper,"Xerox 1985",10.37,2,0.20,3.63
402,US-2023-110100,2023-04-25,2023-04-29,"Standard Class",LC-16885,"Lena Creighton",Consumer,"United States",Wilmington,"North Carolina",28403,South,TEC-PH-10004531,Technology,Phones,"AT&T CL2909",302.38,240,0.20,37.80
403,US-2023-147298,2023-04-26,2023-05-03,"Standard Class",AG-10300,"Aleksandra Gannaway",Corporate,"United States","Los Angeles",California,90049,West,FUR-CH-10004886,Furniture,Chairs,"Bevis Steel Folding Chairs",230.28,3,0.20,23.03
404,US-2023-116785,2023-04-26,2023-04-30,"Standard Class",MH-17290,"Marc Harrigan","Home Office","United States","Los Angeles",California,90036,West,OFF-AR-10003504,"Office Supplies",Art,"Newell 347",21.40,5,0.00,6.21
405,US-2023-147298,2023-04-26,2023-05-03,"Standard Class",AG-10300,"Aleksandra Gannaway",Corporate,"United States","Los Angeles",California,90049,West,OFF-BI-10001525,"Office Supplies",Binders,"Acco Pressboard Covers with Storage Hooks, 14 7/8" x 11", Executive Red",18.29,6,0.20,5.71
406,US-2023-116785,2023-04-26,2023-04-30,"Standard Class",MH-17290,"Marc Harrigan","Home Office","United States","Los Angeles",California,90036,West,OFF-LA-10000305,"Office Supplies",Labels,"Avery 495",12.60,2,0.00,5.80
407,US-2023-118976,2023-04-28,2023-05-03,"Standard Class",MY-18295,"Muhammed Yedwab",Corporate,"United States",Baltimore,Maryland,21215,East,OFF-AR-10004752,"Office Supplies",Art,"Blackstonian Pencils",5.34,2,0.00,1.50
408,US-2023-118976,2023-04-28,2023-05-03,"Standard Class",MY-18295,"Muhammed Yedwab",Corporate,"United States",Baltimore,Maryland,21215,East,OFF-BI-10001628,"Office Supplies",Binders,"Acco Data Flex Cable Posts For Top & Bottom Load Binders, 6" Capacity",20.86,2,0.00,9.39
412,US-2023-140228,2023-04-28,2023-05-03,"Standard Class",GB-14530,"George Bell",Corporate,"United States",Newark,Ohio,43055,East,OFF-ST-10001128,"Office Supplies",Storage,"Carina Mini System Audio Rack, Model AR050B",177.57,2,0.20,-37.73
413,US-2023-140228,2023-04-28,2023-05-03,"Standard Class",GB-14530,"George Bell",Corporate,"United States",Newark,Ohio,43055,East,OFF-ST-10002214,"Office Supplies",Storage,"X-Rack File for Hanging Folders",27.10,3,0.20,2.03
414,US-2023-132983,2023-04-28,2023-05-03,"Standard Class",DS-13180,"David Smith",Corporate,"United States",Jamestown,"New York",14701,East,TEC-AC-10000736,Technology,Accessories,"Logitech G600 MMO Gaming Mouse",159.98,2,0.00,57.59
415,US-2023-131387,2023-04-28,2023-04-30,"First Class",AI-10855,"Arianne Irving",Consumer,"United States","San Francisco",California,94122,West,TEC-PH-10001459,Technology,Phones,"Samsung Galaxy Mega 6.3",1679.96,5,0.20,126.00
416,US-2023-107811,2023-04-29,2023-05-03,"Standard Class",LA-16780,"Laura Armstrong",Corporate,"United States",Memphis,Tennessee,38109,South,FUR-CH-10001394,Furniture,Chairs,"Global Leather Executive Chair",561.58,2,0.20,70.20
418,US-2023-134061,2023-04-29,2023-05-04,"Standard Class",LL-16840,"Lauren Leatherbury",Consumer,"United States",Rochester,"New York",14609,East,FUR-FU-10001424,Furniture,Furnishings,"Dax Clear Box Frame",17.46,2,0.00,5.94
419,US-2023-142727,2023-04-29,2023-05-01,"Second Class",HG-14845,"Harry Greene",Consumer,"United States","Lake Charles",Louisiana,70601,South,OFF-BI-10000136,"Office Supplies",Binders,"Avery Non-Stick Heavy Duty View Round Locking Ring Binders",17.94,3,0.00,8.61
420,US-2023-107811,2023-04-29,2023-05-03,"Standard Class",LA-16780,"Laura Armstrong",Corporate,"United States",Memphis,Tennessee,38109,South,OFF-ST-10000798,"Office Supplies",Storage,"2300 Heavy-Duty Transfer File Systems by Perma",99.92,5,0.20,-1.25
421,US-2023-118304,2023-04-29,2023-05-04,"Standard Class",KH-16360,"Katherine Hughes",Consumer,"United States",Dover,Delaware,19901,East,TEC-PH-10000376,Technology,Phones,"Square Credit Card Reader",19.98,2,0.00,5.19
422,US-2023-160094,2023-04-30,2023-05-02,Unknown,JM-16195,"Justin MacKendrick",Consumer,"United States",Louisville,Kentucky,40214,South,OFF-AR-10004010,"Office Supplies",Art,"Hunt Boston Vacuum Mount KS Pencil Sharpener",174.95,5,0.00,45.49
423,US-2023-160094,2023-04-30,2023-05-02,"First Class",JM-16195,"Justin MacKendrick",Consumer,"United States",Louisville,Kentucky,40214,South,OFF-ST-10000585,"Office Supplies",Storage,"Economy Rollaway Files",826.00,5,0.00,214.76
424,US-2023-156006,2023-04-30,2023-05-02,"Second Class",TM-21010,"Tamara Manning",Consumer,"United States",Jackson,Mississippi,39212,South,TEC-AC-10002550,Technology,Accessories,"Maxell 4.7GB DVD-RW 3/Pack",47.79,3,0.00,16.25
425,US-2023-115056,2023-05-02,2023-05-02,"Same Day",AR-10510,"Andrew Roberts",Consumer,"United States",Columbus,Ohio,43229,East,OFF-AP-10003971,"Office Supplies",Appliances,"Belkin 6 Outlet Metallic Surge Strip",26.14,3,0.20,1.96
426,US-2023-124618,2023-05-02,2023-05-04,"Second Class",CS-11860,"Cari Schnelling",Consumer,"United States",Lakeland,Florida,33801,South,TEC-CO-10004202,Technology,Copiers,"Brother DCP1000 Digital 3 in 1 Multifunction Machine",479.98,2,0.20,90.00
427,US-2023-135755,2023-05-03,2023-05-10,"Standard Class",NC-18415,"Nathan Cano",Consumer,"United States",Yonkers,"New York",10701,East,OFF-BI-10003981,"Office Supplies",Binders,"Avery Durable Plastic 1" Binders",10.90,3,0.20,3.95
428,US-2023-135755,2023-05-03,2023-05-10,"Standard Class",NC-18415,"Nathan Cano",Consumer,"United States",Yonkers,"New York",10701,East,OFF-BI-10004828,"Office Supplies",Binders,"GBC Poly Designer Binding Covers",40.18,3,0.20,14.56
429,US-2023-130274,2023-05-03,2023-05-05,"First Class",JS-15940,"Joni Sundaresam","Home Office","United States",Appleton,Wisconsin,54915,Central,OFF-LA-10002195,"Office Supplies",Labels,"Avery 481",21.56,7,0.00,10.35
430,US-2023-155271,2023-05-04,2023-05-04,"Same Day",AA-10480,"Andrew Allen",Consumer,"United States",Middletown,Connecticut,6457,East,FUR-FU-10001473,Furniture,Furnishings,"DAX Wood Document Frame",27.46,2,0.00,9.89
431,US-2023-148194,2023-05-04,2023-05-07,"First Class",BS-11365,"Bill Shonely",Corporate,"United States",Seattle,Washington,98105,West,FUR-FU-10001852,Furniture,Furnishings,"Eldon Regeneration Recycled Desk Accessories, Smoke",12.18,7,0.00,3.90
432,US-2023-148194,2023-05-04,2023-05-07,"First Class",BS-11365,"Bill Shonely",Corporate,"United States",Seattle,Washington,98105,West,OFF-AP-10000696,"Office Supplies",Appliances,"Holmes Odor Grabber",57.68,4,0.00,19.03
434,US-2023-117709,2023-05-04,2023-05-08,"Standard Class",PM-18940,"Paul MacIntyre",Consumer,"United States",Jackson,Michigan,49201,Central,OFF-BI-10001294,"Office Supplies",Binders,"Fellowes Binding Cases",46.80,4,0.00,21.06
435,US-2023-111899,2023-05-04,2023-05-05,"First Class",NC-18340,"Nat Carroll",Consumer,"United States",Houston,Texas,77036,Central,OFF-FA-10000840,"Office Supplies",Fasteners,"OIC Thumb-Tacks",5.47,6,0.20,1.85
436,US-2023-110219,2023-05-05,2023-05-08,Unknown,EB-13870,"Emily Burns",Consumer,"United States","San Antonio",Texas,78207,Central,FUR-CH-10001146,Furniture,Chairs,"Global Value Mid-Back Manager's Chair, Gray",127.87,3,0.30,-9.13
437,US-2023-166457,2023-05-05,2023-05-09,"Second Class",PF-19120,"Peter Fuller",Consumer,"United States",Richmond,Kentucky,40475,South,OFF-AR-10003651,"Office Supplies",Art,"Newell 350",6.56,2,0.00,1.90
438,US-2023-111934,2023-05-05,2023-05-07,"First Class",GD-14590,"Giulietta Dortch",Corporate,"United States",Arlington,Virginia,22204,South,OFF-BI-10004364,"Office Supplies",Binders,"Storex Dura Pro Binders",11.88,2,0.00,5.35
442,US-2023-160738,2023-05-05,2023-05-10,"Standard Class",KH-16330,"Katharine Harms",Corporate,"United States",Freeport,Illinois,61032,Central,OFF-ST-10003442,"Office Supplies",Storage,"Eldon Portable Mobile Manager",45.25,2,0.20,3.96
444,US-2023-121664,2023-05-06,2023-05-10,"Standard Class",HP-14815,"Harold Pawlan","Home Office","United States","Los Angeles",California,90049,West,OFF-BI-10003684,"Office Supplies",Binders,"Wilson Jones Legal Size Ring Binders",140.74,8,0.20,52.78
445,US-2023-154879,2023-05-06,2023-05-11,Unknown,SN-20710,"Steve Nguyen","Home Office","United States","Los Angeles",California,90004,West,OFF-LA-10004425,"Office Supplies",Labels,"Staple-on labels",5.78,2,0.00,2.72
446,US-2023-166086,2023-05-07,2023-05-12,Unknown,CT-11995,"Carol Triggs",Consumer,"United States",Lawrence,Massachusetts,1841,East,FUR-CH-10004675,Furniture,Chairs,"Lifetime Advantage Folding Chairs, 4/Carton",872.32,4,0.00,244.25
447,US-2023-166086,2023-05-07,2023-05-12,"Standard Class",CT-11995,"Carol Triggs",Consumer,"United States",Lawrence,Massachusetts,1841,East,FUR-TA-10003469,Furniture,Tables,"Balt Split Level Computer Training Table",194.25,2,0.30,-38.85
449,US-2023-166086,2023-05-07,2023-05-12,"Standard Class",CT-11995,"Carol Triggs",Consumer,"United States",Lawrence,Massachusetts,1841,East,OFF-BI-10001078,"Office Supplies",Binders,"Acco PRESSTEX Data Binder with Storage Hooks, Dark Blue, 14 7/8" X 11"",16.14,3,0.00,7.91
450,CA-2023-166086,2023-05-07,2023-05-12,"Standard Class",CT-11995,"Carol Triggs",Consumer,Canada,Toronto,Ontario,M3C,East,FUR-CH-10004675,Furniture,Chairs,"Lifetime Advantage Folding Chairs, 4/Carton",872.32,4,0.00,244.25
453,CA-2023-166086,2023-05-07,2023-05-12,"Standard Class",CT-11995,"Carol Triggs",Consumer,Canada,Toronto,Ontario,M3C,East,OFF-BI-10001078,"Office Supplies",Binders,"Acco PRESSTEX Data Binder with Storage Hooks, Dark Blue, 14 7/8" X 11"",16.14,3,0.00,7.91
454,US-2023-116666,2023-05-08,2023-05-10,"First Class",KT-16480,"Kean Thornton",Consumer,"United States",Philadelphia,Pennsylvania,19134,East,TEC-CO-10001449,Technology,Copiers,"Hewlett Packard LaserJet 3310 Copier",1799.97,5,0.40,240.00
455,US-2023-158771,2023-05-09,2023-05-09,"Same Day",SB-20290,"Sean Braxton",Corporate,"United States",Henderson,Kentucky,42420,South,OFF-LA-10001641,"Office Supplies",Labels,"Avery 518",9.45,3,0.00,4.54
456,US-2023-158771,2023-05-09,2023-05-09,"Same Day",SB-20290,"Sean Braxton",Corporate,"United States",Henderson,Kentucky,42420,South,OFF-LA-10003121,"Office Supplies",Labels,"Avery 506",20.65,5,0.00,9.50
459,US-2023-102071,2023-05-09,2023-05-15,Unknown,PG-18820,"Patrick Gardner",Consumer,"United States","San Francisco",California,94110,West,TEC-AC-10000109,Technology,Accessories,"Sony Micro Vault Click 16 GB USB 2.0 Flash Drive",167.97,3,0.00,40.31
460,US-2023-102071,2023-05-09,2023-05-15,"Standard Class",PG-18820,"Patrick Gardner",Consumer,"United States","San Francisco",California,94110,West,TEC-AC-10003441,Technology,Accessories,"Kingston Digital DataTraveler 32GB USB 2.0",67.80,4,0.00,4.07
461,US-2023-114181,2023-05-10,2023-05-14,"Second Class",AF-10885,"Art Foster",Consumer,"United States",Philadelphia,Pennsylvania,19134,East,FUR-BO-10004467,Furniture,Bookcases,"Bestar Classic Bookcase",349.97,7,0.50,-216.98
463,US-2023-114181,2023-05-10,2023-05-14,Unknown,AF-10885,"Art Foster",Consumer,"United States",Philadelphia,Pennsylvania,19134,East,OFF-AR-10000716,"Office Supplies",Art,"DIXON Ticonderoga Erasable Checking Pencils",22.32,5,0.20,5.30
464,US-2023-159709,2023-05-10,2023-05-15,"Standard Class",AI-10855,"Arianne Irving",Consumer,"United States",Kent,Washington,98031,West,OFF-EN-10001434,"Office Supplies",Envelopes,"Strathmore #10 Envelopes, Ultimate White",158.13,3,0.00,77.48
465,US-2023-103310,2023-05-10,2023-05-15,"Standard Class",GM-14680,"Greg Matthias",Consumer,"United States","San Jose",California,95123,West,OFF-PA-10004353,"Office Supplies",Paper,"Southworth 25% Cotton Premium Laser Paper and Envelopes",39.96,2,0.00,19.18
466,US-2023-103310,2023-05-10,2023-05-15,Unknown,GM-14680,"Greg Matthias",Consumer,"United States","San Jose",California,95123,West,OFF-SU-10004737,"Office Supplies",Supplies,"Acme Design Stainless Steel Bent Scissors",41.04,6,0.00,11.08
467,US-2023-103310,2023-05-10,2023-05-15,"Standard Class",GM-14680,"Greg Matthias",Consumer,"United States","San Jose",California,95123,West,TEC-PH-10001817,Technology,Phones,"Wilson Electronics DB Pro Signal Booster",1432.00,400,0.20,125.30
468,US-2023-159709,2023-05-10,2023-05-15,"Standard Class",AI-10855,"Arianne Irving",Consumer,"United States",Kent,Washington,98031,West,TEC-PH-10003988,Technology,Phones,"LF Elite 3D Dazzle Designer Hard Case Cover, Lf Stylus Pen and Wiper For Apple Iphone 5c Mini Lite",43.60,5,0.20,4.36
469,US-2023-152100,2023-05-11,2023-05-16,"Standard Class",VW-21775,"Victoria Wilson",Corporate,"United States",Huntsville,Texas,77340,Central,FUR-CH-10000015,Furniture,Chairs,"Hon Multipurpose Stacking Arm Chairs",1212.96,8,0.30,-69.31
470,US-2023-103849,2023-05-11,2023-05-16,Unknown,PG-18895,"Paul Gonzalez",Consumer,"United States","Fort Worth",Texas,76106,Central,FUR-FU-10000723,Furniture,Furnishings,"Deflect-o EconoMat Studded, No Bevel Mat for Low Pile Carpeting",66.11,4,0.60,-84.29
471,US-2023-127523,2023-05-11,2023-05-18,"Standard Class",BG-11695,"Brooke Gillingham",Corporate,"United States",Watertown,"New York",13601,East,OFF-AP-10004249,"Office Supplies",Appliances,"Staple holder",35.91,3,0.00,9.70
472,US-2023-119172,2023-05-11,2023-05-15,"Standard Class",HD-14785,"Harold Dahlen","Home Office","United States",Chicago,Illinois,60610,Central,OFF-BI-10002026,"Office Supplies",Binders,"Avery Arch Ring Binders",104.58,9,0.80,-172.56
473,US-2023-119172,2023-05-11,2023-05-15,"Standard Class",HD-14785,"Harold Dahlen","Home Office","United States",Chicago,Illinois,60610,Central,OFF-PA-10003036,"Office Supplies",Paper,"Black Print Carbonless 8 1/2" x 8 1/4" Rapid Memo Book",17.47,3,0.20,5.68
474,US-2023-139017,2023-05-11,2023-05-17,"Standard Class",RM-19375,"Raymond Messe",Consumer,"United States",Houston,Texas,77095,Central,TEC-AC-10001013,Technology,Accessories,"Logitech ClearChat Comfort/USB Headset H390",46.86,2,0.20,7.62
476,US-2023-103849,2023-05-11,2023-05-16,"Standard Class",PG-18895,"Paul Gonzalez",Consumer,"United States","Fort Worth",Texas,76106,Central,TEC-PH-10002597,Technology,Phones,"Xblue XB-1670-86 X16 Small Office Telephone - Titanium",100.79,1,0.20,6.30
477,US-2023-127159,2023-05-12,2023-05-15,Unknown,HL-15040,"Hunter Lopez",Consumer,"United States",Milwaukee,Wisconsin,53209,Central,FUR-FU-10000010,Furniture,Furnishings,"DAX Value U-Channel Document Frames, Easel Back",34.79,7,0.00,10.78
478,US-2023-155887,2023-05-12,2023-05-17,Unknown,KT-16480,"Kean Thornton",Consumer,"United States",Franklin,Massachusetts,2038,East,FUR-TA-10002228,Furniture,Tables,"Bevis Traditional Conference Table Top, Plinth Base",700.06,3,0.30,-130.01
480,US-2023-140165,2023-05-13,2023-05-15,"First Class",EH-14005,"Erica Hernandez","Home Office","United States",Hialeah,Florida,33012,South,OFF-BI-10004519,"Office Supplies",Binders,"GBC DocuBind P100 Manual Binding Machine",398.35,8,0.70,-331.96
482,US-2023-113768,2023-05-13,2023-05-19,"Standard Class",AH-10030,"Aaron Hawkins",Corporate,"United States","Los Angeles",California,90004,West,OFF-PA-10003063,"Office Supplies",Paper,"EcoTones Memo Sheets",8.00,2,0.00,3.84
483,US-2023-167164,2023-05-13,2023-05-15,"Second Class",AG-10270,"Alejandro Grove",Consumer,"United States","West Jordan",Utah,84084,West,OFF-ST-10000107,"Office Supplies",Storage,"Fellowes Super Stor/Drawer",55.50,2,0.00,9.99
486,US-2023-125150,2023-05-16,2023-05-23,"Standard Class",PW-19030,"Pauline Webber",Corporate,"United States","Los Angeles",California,90036,West,FUR-CH-10002439,Furniture,Chairs,"Iceberg Nesting Folding Chair, 19w x 6d x 43h",232.88,5,0.20,17.47
487,US-2023-163146,2023-05-16,2023-05-20,"Standard Class",CC-12475,"Cindy Chapman",Consumer,"United States","San Francisco",California,94122,West,TEC-AC-10002217,Technology,Accessories,"Imation Clip USB flash drive - 8 GB",56.40,3,0.00,3.38
489,US-2023-164224,2023-05-18,2023-05-20,"Second Class",TT-21070,"Ted Trevino",Consumer,"United States",Akron,Ohio,44312,East,FUR-FU-10000308,Furniture,Furnishings,"Deflect-o Glass Clear Studded Chair Mats",149.23,3,0.20,3.73
490,US-2023-164224,2023-05-18,2023-05-20,"Second Class",TT-21070,"Ted Trevino",Consumer,"United States",Akron,Ohio,44312,East,OFF-PA-10001526,"Office Supplies",Paper,"Xerox 1949",15.94,4,0.20,5.78
491,US-2023-133963,2023-05-18,2023-05-22,"Second Class",GA-14515,"George Ashbrook",Consumer,"United States",Dallas,Texas,75220,Central,OFF-PA-10001526,"Office Supplies",Paper,"Xerox 1949",3.98,1,0.20,1.44
492,US-2023-103373,2023-05-18,2023-05-24,"Standard Class",BS-11755,"Bruce Stewart",Consumer,"United States",Cleveland,Ohio,44105,East,TEC-PH-10002885,Technology,Phones,"Apple iPhone 5",779.80,2,0.40,-168.96
493,US-2023-107699,2023-05-19,2023-05-23,"Standard Class",JH-15820,"John Huston",Consumer,"United States",Midland,Michigan,48640,Central,OFF-BI-10001249,"Office Supplies",Binders,"Avery Heavy-Duty EZD View Binder with Locking Rings",57.42,9,0.00,26.41
494,US-2023-130155,2023-05-19,2023-05-22,"First Class",TD-20995,"Tamara Dahlen",Consumer,"United States","Virginia Beach",Virginia,23464,South,OFF-SU-10004737,"Office Supplies",Supplies,"Acme Design Stainless Steel Bent Scissors",34.20,5,0.00,9.23
495,US-2023-114188,2023-05-20,2023-05-22,"Second Class",RF-19345,"Randy Ferguson",Corporate,"United States",Dover,"New Hampshire",3820,East,FUR-FU-10000076,Furniture,Furnishings,"24-Hour Round Wall Clock",139.86,7,0.00,60.14
498,US-2023-114188,2023-05-20,2023-05-22,Unknown,RF-19345,"Randy Ferguson",Corporate,"United States",Dover,"New Hampshire",3820,East,OFF-AR-10004511,"Office Supplies",Art,"Sanford Colorific Scented Colored Pencils, 12/Pack",38.52,9,0.00,11.94
499,US-2023-130673,2023-05-20,2023-05-22,"Second Class",MC-17590,"Matt Collister",Corporate,"United States","San Marcos",Texas,78666,Central,OFF-PA-10000289,"Office Supplies",Paper,"Xerox 213",10.37,2,0.20,3.63
502,CA-2023-166695,2023-05-20,2023-05-24,Unknown,CC-12430,"Chuck Clark","Home Office",Canada,Vancouver,"British Columbia",V6Z,West,FUR-CH-10000225,Furniture,Chairs,"Global Geo Office Task Chair, Gray",518.27,8,0.20,-97.18
503,CA-2023-166695,2023-05-20,2023-05-24,"Standard Class",CC-12430,"Chuck Clark","Home Office",Canada,Vancouver,"British Columbia",V6Z,West,FUR-FU-10002191,Furniture,Furnishings,"G.E. Halogen Desk Lamp Bulbs",6.98,1,0.00,3.35
505,US-2023-127166,2023-05-21,2023-05-23,"Second Class",KH-16360,"Katherine Hughes",Consumer,"United States",Houston,Texas,77070,Central,FUR-CH-10003396,Furniture,Chairs,"Global Deluxe Steno Chair",107.77,2,0.30,-29.25
506,US-2023-152443,2023-05-21,2023-05-26,"Standard Class",FG-14260,"Frank Gastineau","Home Office","United States",Lawrence,Massachusetts,1841,East,OFF-AP-10001293,"Office Supplies",Appliances,"Belkin 8 Outlet Surge Protector",245.88,6,0.00,68.85
507,US-2023-104780,2023-05-21,2023-05-25,"Standard Class",BT-11530,"Bradley Talbott","Home Office","United States","San Diego",California,92037,West,OFF-AR-10003514,"Office Supplies",Art,"4009 Highlighters by Sanford",31.84,8,0.00,10.51
508,US-2023-127166,2023-05-21,2023-05-23,"Second Class",KH-16360,"Katherine Hughes",Consumer,"United States",Houston,Texas,77070,Central,OFF-BI-10000977,"Office Supplies",Binders,"Ibico Plastic Spiral Binding Combs",18.24,3,0.80,-31.01
509,US-2023-152443,2023-05-21,2023-05-26,Unknown,FG-14260,"Frank Gastineau","Home Office","United States",Lawrence,Massachusetts,1841,East,OFF-BI-10001071,"Office Supplies",Binders,"GBC ProClick Punch Binding System",447.86,7,0.00,219.45
512,US-2023-127166,2023-05-21,2023-05-23,"Second Class",KH-16360,"Katherine Hughes",Consumer,"United States",Houston,Texas,77070,Central,OFF-PA-10001560,"Office Supplies",Paper,"Adams Telephone Message Books, 5 1/4” x 11”",4.83,1,0.20,1.63
515,CA-2023-152443,2023-05-21,2023-05-26,"Standard Class",FG-14260,"Frank Gastineau","Home Office",Canada,Montreal,Quebec,H1A,East,OFF-AP-10001293,"Office Supplies",Appliances,"Belkin 8 Outlet Surge Protector",245.88,6,0.00,68.85
517,CA-2023-152443,2023-05-21,2023-05-26,"Standard Class",FG-14260,"Frank Gastineau","Home Office",Canada,Montreal,Quebec,H1A,East,OFF-PA-10003022,"Office Supplies",Paper,"Xerox 1992",17.94,3,0.00,8.79
518,US-2023-143840,2023-05-22,2023-05-29,"Standard Class",EH-14185,"Evan Henry",Consumer,"United States",Decatur,Alabama,35601,South,TEC-PH-10002660,Technology,Phones,"Nortel Networks T7316 E Nt8 B27",135.98,2,0.00,34.00
520,US-2023-135881,2023-05-23,2023-05-27,"Standard Class",GT-14710,"Greg Tran",Consumer,"United States","New York City","New York",10035,East,OFF-AP-10002118,"Office Supplies",Appliances,"1.7 Cubic Foot Compact "Cube" Office Refrigerators",208.16,1,0.00,56.20
521,US-2023-105767,2023-05-23,2023-05-27,"Standard Class",AR-10510,"Andrew Roberts",Consumer,"United States",Philadelphia,Pennsylvania,19134,East,OFF-AR-10001246,"Office Supplies",Art,"Newell 317",21.17,9,0.20,2.38
522,US-2023-135881,2023-05-23,2023-05-27,"Standard Class",GT-14710,"Greg Tran",Consumer,"United States","New York City","New York",10035,East,OFF-BI-10000829,"Office Supplies",Binders,"Avery Non-Stick Binders",17.96,5,0.20,5.84
523,US-2023-105767,2023-05-23,2023-05-27,"Standard Class",AR-10510,"Andrew Roberts",Consumer,"United States",Philadelphia,Pennsylvania,19134,East,OFF-BI-10000848,"Office Supplies",Binders,"Angle-D Ring Binders",3.28,2,0.70,-2.63
524,US-2023-138513,2023-05-23,2023-05-27,"Standard Class",EH-13990,"Erica Hackney",Consumer,"United States",Bellevue,Washington,98006,West,OFF-PA-10003177,"Office Supplies",Paper,"Xerox 1999",12.96,2,0.00,6.22
525,US-2023-135881,2023-05-23,2023-05-27,"Standard Class",GT-14710,"Greg Tran",Consumer,"United States","New York City","New York",10035,East,OFF-SU-10003002,"Office Supplies",Supplies,"Letter Slitter",5.04,2,0.00,0.15
526,US-2023-105767,2023-05-23,2023-05-27,"Standard Class",AR-10510,"Andrew Roberts",Consumer,"United States",Philadelphia,Pennsylvania,19134,East,TEC-PH-10003092,Technology,Phones,"Motorola L804",55.19,2,0.40,-10.12
527,US-2023-143413,2023-05-24,2023-05-30,Unknown,RP-19390,"Resi Pölking",Consumer,"United States",Baltimore,Maryland,21215,East,OFF-PA-10002319,"Office Supplies",Paper,"Xerox 1944",116.28,3,0.00,56.98
528,US-2023-130379,2023-05-25,2023-05-29,"Standard Class",JL-15235,"Janet Lee",Consumer,"United States",Chicago,Illinois,60623,Central,FUR-FU-10002553,Furniture,Furnishings,"Electrix Incandescent Magnifying Lamp, Black",29.32,2,0.60,-24.19
529,US-2023-130379,2023-05-25,2023-05-29,"Standard Class",JL-15235,"Janet Lee",Consumer,"United States",Chicago,Illinois,60623,Central,OFF-AP-10001394,"Office Supplies",Appliances,"Harmony Air Purifier",75.60,2,0.80,-166.32
530,US-2023-100391,2023-05-25,2023-05-29,"Standard Class",BW-11065,"Barry Weirich",Consumer,"United States","New York City","New York",10035,East,OFF-PA-10001471,"Office Supplies",Paper,"Strathmore Photo Frame Cards",14.62,2,0.00,6.73
531,US-2023-156349,2023-05-26,2023-05-30,Unknown,ML-17395,"Marina Lichtenstein",Corporate,"United States","Los Angeles",California,90008,West,FUR-BO-10000362,Furniture,Bookcases,"Sauder Inglewood Library Bookcases",290.67,2,0.15,27.36
532,US-2023-158029,2023-05-26,2023-05-30,"Standard Class",HF-14995,"Herbert Flentye",Consumer,"United States","Los Angeles",California,90008,West,FUR-CH-10000988,Furniture,Chairs,"Hon Olson Stacker Stools",225.30,2,0.20,22.53
534,US-2023-144029,2023-05-26,2023-05-31,"Standard Class",MM-18055,"Michelle Moray",Consumer,"United States",Chicago,Illinois,60623,Central,OFF-AR-10000716,"Office Supplies",Art,"DIXON Ticonderoga Erasable Checking Pencils",13.39,3,0.20,3.18
535,US-2023-129574,2023-05-26,2023-05-29,"First Class",Dp-13240,"Dean percer","Home Office","United States",Murray,Utah,84107,West,OFF-PA-10002893,"Office Supplies",Paper,"Wirebound Service Call Books, 5 1/2" x 4"",48.40,5,0.00,23.23
536,US-2023-144029,2023-05-26,2023-05-31,"Standard Class",MM-18055,"Michelle Moray",Consumer,"United States",Chicago,Illinois,60623,Central,OFF-ST-10001837,"Office Supplies",Storage,"SAFCO Mobile Desk Side File, Wire Frame",102.62,3,0.20,7.70
537,US-2023-156349,2023-05-26,2023-05-30,"Standard Class",ML-17395,"Marina Lichtenstein",Corporate,"United States","Los Angeles",California,90008,West,TEC-PH-10000441,Technology,Phones,"VTech DS6151",201.58,2,0.20,-1007.92
538,US-2023-156349,2023-05-26,2023-05-30,"Standard Class",ML-17395,"Marina Lichtenstein",Corporate,"United States","Los Angeles",California,90008,West,TEC-PH-10002726,Technology,Phones,"netTALK DUO VoIP Telephone Service",83.98,2,0.20,31.49
539,US-2023-124429,2023-05-27,2023-05-27,"Same Day",MH-17785,"Maya Herman",Corporate,"United States","San Diego",California,92105,West,FUR-TA-10002607,Furniture,Tables,"KI Conference Tables",567.12,10,0.20,-28.36
540,US-2023-117058,2023-05-27,2023-05-30,"First Class",LE-16810,"Laurel Elliston",Consumer,"United States",Chicago,Illinois,60653,Central,OFF-BI-10004139,"Office Supplies",Binders,"Fellowes Presentation Covers for Comb Binding Machines",17.46,6,0.80,-30.56
541,US-2023-124429,2023-05-27,2023-05-27,"Same Day",MH-17785,"Maya Herman",Corporate,"United States","San Diego",California,92105,West,OFF-ST-10001809,"Office Supplies",Storage,"Fellowes Officeware Wire Shelving",359.32,4,0.00,7.19
542,US-2023-139192,2023-05-27,2023-06-01,"Second Class",LC-16885,"Lena Creighton",Consumer,"United States","San Francisco",California,94109,West,TEC-AC-10001606,Technology,Accessories,"Logitech Wireless Performance Mouse MX for PC and Mac",99.99,1,0.00,38.00
545,US-2023-135993,2023-05-28,2023-06-02,"Standard Class",PJ-18835,"Patrick Jones",Corporate,"United States",Seattle,Washington,98115,West,TEC-AC-10004877,Technology,Accessories,"Imation 30456 USB Flash Drive 8GB",27.60,4,0.00,2.21
547,US-2023-145800,2023-05-30,2023-06-05,"Standard Class",SS-20410,"Shahid Shariari",Consumer,"United States","Buffalo Grove",Illinois,60089,Central,FUR-TA-10001539,Furniture,Tables,"Chromcraft Rectangular Conference Tables",355.46,3,0.50,-184.84
548,US-2023-103429,2023-05-30,2023-06-01,"First Class",LW-16825,"Laurel Workman",Corporate,"United States","New York City","New York",10024,East,OFF-AP-10001005,"Office Supplies",Appliances,"Honeywell Quietcare HEPA Air Cleaner",235.95,3,0.00,77.86
549,US-2023-105872,2023-05-30,2023-06-06,"Standard Class",JG-15160,"James Galang",Consumer,"United States","New York City","New York",10024,East,OFF-BI-10003684,"Office Supplies",Binders,"Wilson Jones Legal Size Ring Binders",70.37,4,0.20,26.39
550,US-2023-103429,2023-05-30,2023-06-01,Unknown,LW-16825,"Laurel Workman",Corporate,"United States","New York City","New York",10024,East,OFF-BI-10004233,"Office Supplies",Binders,"GBC Pre-Punched Binding Paper, Plastic, White, 8-1/2" x 11"",25.58,2,0.20,8.95
551,US-2023-146885,2023-05-30,2023-06-05,"Standard Class",EB-13840,"Ellis Ballard",Corporate,"United States",Richmond,Virginia,23223,South,OFF-PA-10001622,"Office Supplies",Paper,"Ampad Poly Cover Wirebound Steno Book, 6" x 9" Assorted Colors, Gregg Ruled",13.62,3,0.00,6.13
552,US-2023-103429,2023-05-30,2023-06-01,"First Class",LW-16825,"Laurel Workman",Corporate,"United States","New York City","New York",10024,East,OFF-PA-10001712,"Office Supplies",Paper,"Xerox 1948",39.96,4,0.00,17.98
554,US-2023-103429,2023-05-30,2023-06-01,"First Class",LW-16825,"Laurel Workman",Corporate,"United States","New York City","New York",10024,East,TEC-PH-10003505,Technology,Phones,"Geemarc AmpliPOWER60",464.00,5,0.00,134.56
555,US-2023-166051,2023-05-31,2023-06-05,"Standard Class",JK-15625,"Jim Karlsson",Consumer,"United States",Jackson,Mississippi,39212,South,TEC-PH-10002538,Technology,Phones,"Grandstream GXP1160 VoIP phone",113.73,3,0.00,32.98
556,US-2023-166051,2023-05-31,2023-06-05,"Standard Class",JK-15625,"Jim Karlsson",Consumer,"United States",Jackson,Mississippi,39212,South,TEC-PH-10002680,Technology,Phones,"Samsung Galaxy Note 3",659.97,3,0.00,197.99
557,US-2023-131926,2023-06-01,2023-06-06,"Second Class",DW-13480,"Dianna Wilson","Home Office","United States",Lakeville,Minnesota,55044,Central,FUR-CH-10004063,Furniture,Chairs,"Global Deluxe High-Back Manager's Chair",2001.86,7,0.00,580.54
558,US-2023-165659,2023-06-01,2023-06-06,"Standard Class",LT-17110,"Liz Thompson",Consumer,"United States","Little Rock",Arkansas,72209,South,FUR-FU-10001935,Furniture,Furnishings,"3M Hangers With Command Adhesive",22.20,6,0.00,9.10
559,US-2023-131926,2023-06-01,2023-06-06,"Second Class",DW-13480,"Dianna Wilson","Home Office","United States",Lakeville,Minnesota,55044,Central,OFF-AP-10002945,"Office Supplies",Appliances,"Honeywell Enviracaire Portable HEPA Air Cleaner for 17' x 22' Room",1503.25,5,0.00,496.07
560,US-2023-157070,2023-06-01,2023-06-06,"Standard Class",QJ-19255,"Quincy Jones",Corporate,"United States",Detroit,Michigan,48234,Central,OFF-AP-10004859,"Office Supplies",Appliances,"Acco 6 Outlet Guardian Premium Surge Suppressor",65.52,5,0.10,12.38
561,US-2023-111003,2023-06-01,2023-06-06,Unknown,CR-12625,"Corey Roper","Home Office","United States",Lakewood,"New Jersey",8701,East,OFF-AR-10002135,"Office Supplies",Art,"Boston Heavy-Duty Trimline Electric Pencil Sharpeners",289.20,6,0.00,83.87
562,US-2023-111003,2023-06-01,2023-06-06,"Standard Class",CR-12625,"Corey Roper","Home Office","United States",Lakewood,"New Jersey",8701,East,OFF-BI-10001072,"Office Supplies",Binders,"GBC Clear Cover, 8-1/2 x 11, unpunched, 25 covers per pack",45.48,3,0.00,20.92
566,US-2023-131926,2023-06-01,2023-06-06,"Second Class",DW-13480,"Dianna Wilson","Home Office","United States",Lakeville,Minnesota,55044,Central,OFF-ST-10002276,"Office Supplies",Storage,"Safco Steel Mobile File Cart",166.72,2,0.00,41.68
570,US-2023-104472,2023-06-02,2023-06-07,"Standard Class",CK-12325,"Christine Kargatis","Home Office","United States",Orem,Utah,84057,West,OFF-BI-10001658,"Office Supplies",Binders,"GBC Standard Therm-A-Bind Covers",59.81,3,0.20,19.44
571,US-2023-100895,2023-06-02,2023-06-06,"Standard Class",SV-20785,"Stewart Visinsky",Consumer,"United States",Roswell,Georgia,30076,South,OFF-ST-10001490,"Office Supplies",Storage,"Hot File 7-Pocket, Floor Stand",356.94,2,0.00,107.08
572,US-2023-100895,2023-06-02,2023-06-06,"Standard Class",SV-20785,"Stewart Visinsky",Consumer,"United States",Roswell,Georgia,30076,South,TEC-PH-10001425,Technology,Phones,"Mophie Juice Pack Helium for iPhone",239.97,3,0.00,67.19
573,US-2023-163867,2023-06-03,2023-06-06,"First Class",RE-19450,"Richard Eichhorn",Consumer,"United States",Decatur,Illinois,62521,Central,FUR-FU-10001475,Furniture,Furnishings,"Contract Clock, 14", Brown",61.54,7,0.60,-40.00
574,US-2023-135657,2023-06-03,2023-06-07,"Second Class",SC-20725,"Steven Cartwright",Consumer,"United States",Seattle,Washington,98115,West,FUR-TA-10004086,Furniture,Tables,"KI Adjustable-Height Table",515.88,6,0.00,113.49
575,US-2023-141299,2023-06-03,2023-06-07,"Second Class",RB-19795,"Ross Baird","Home Office","United States",Midland,Michigan,48640,Central,OFF-EN-10004459,"Office Supplies",Envelopes,"Security-Tint Envelopes",15.28,2,0.00,7.49
576,US-2023-163867,2023-06-03,2023-06-06,"First Class",RE-19450,"Richard Eichhorn",Consumer,"United States",Decatur,Illinois,62521,Central,OFF-LA-10001771,"Office Supplies",Labels,"Avery 513",15.94,4,0.20,5.18
578,US-2023-151946,2023-06-04,2023-06-09,"Standard Class",BT-11440,"Bobby Trafton",Consumer,"United States","New York City","New York",10035,East,FUR-BO-10003272,Furniture,Bookcases,"O'Sullivan Living Dimensions 5-Shelf Bookcases",353.57,2,0.20,-44.20
579,US-2023-151946,2023-06-04,2023-06-09,"Standard Class",BT-11440,"Bobby Trafton",Consumer,"United States","New York City","New York",10035,East,FUR-FU-10002191,Furniture,Furnishings,"G.E. Halogen Desk Lamp Bulbs",13.96,2,0.00,6.70
580,US-2023-151946,2023-06-04,2023-06-09,"Standard Class",BT-11440,"Bobby Trafton",Consumer,"United States","New York City","New York",10035,East,FUR-FU-10002878,Furniture,Furnishings,"Seth Thomas 14" Day/Date Wall Clock",56.96,2,0.00,21.08
581,US-2023-151946,2023-06-04,2023-06-09,"Standard Class",BT-11440,"Bobby Trafton",Consumer,"United States","New York City","New York",10035,East,OFF-AP-10001626,"Office Supplies",Appliances,"Commercial WindTunnel Clean Air Upright Vacuum, Replacement Belts, Filtration Bags",15.56,4,0.00,4.05
582,US-2023-147914,2023-06-04,2023-06-09,"Standard Class",MP-17470,"Mark Packer","Home Office","United States",Columbus,Ohio,43229,East,OFF-PA-10001685,"Office Supplies",Paper,"Easy-staple paper",16.22,2,0.20,5.88
584,US-2023-133270,2023-06-06,2023-06-09,"First Class",BM-11785,"Bryan Mills",Consumer,"United States",Rochester,"New York",14609,East,OFF-AR-10002656,"Office Supplies",Art,"Sanford Liquid Accent Highlighters",13.36,2,0.00,4.94
585,US-2023-169257,2023-06-06,2023-06-12,"Standard Class",SV-20785,"Stewart Visinsky",Consumer,"United States",Jacksonville,Florida,32216,South,OFF-BI-10002557,"Office Supplies",Binders,"Presstex Flexible Ring Binders",1.37,1,0.70,-0.91
586,US-2023-161305,2023-06-06,2023-06-12,"Standard Class",SB-20170,"Sarah Bern",Consumer,"United States",Chicago,Illinois,60623,Central,OFF-BI-10002794,"Office Supplies",Binders,"Avery Trapezoid Ring Binder, 3" Capacity, Black, 1040 sheets",24.59,3,0.80,-38.11
588,US-2023-161305,2023-06-06,2023-06-12,"Standard Class",SB-20170,"Sarah Bern",Consumer,"United States",Chicago,Illinois,60623,Central,OFF-EN-10000461,"Office Supplies",Envelopes,"#10- 4 1/8" x 9 1/2" Recycled Envelopes",13.98,2,0.20,4.72
589,US-2023-151897,2023-06-06,2023-06-10,"Standard Class",VT-21700,"Valerie Takahito","Home Office","United States",Houston,Texas,77070,Central,OFF-LA-10001074,"Office Supplies",Labels,"Round Specialty Laser Printer Labels",100.24,10,0.20,33.83
590,US-2023-169257,2023-06-06,2023-06-12,"Standard Class",SV-20785,"Stewart Visinsky",Consumer,"United States",Jacksonville,Florida,32216,South,OFF-PA-10002319,"Office Supplies",Paper,"Xerox 1944",62.02,2,0.20,22.48
592,US-2023-106229,2023-06-07,2023-06-11,"Second Class",NR-18550,"Nick Radford",Consumer,"United States",Aurora,Illinois,60505,Central,FUR-TA-10002041,Furniture,Tables,"Bevis Round Conference Table Top, X-Base",268.94,3,0.50,-209.77
596,US-2023-108147,2023-06-08,2023-06-13,Unknown,RD-19480,"Rick Duston",Consumer,"United States","Long Beach","New York",11561,East,OFF-BI-10003876,"Office Supplies",Binders,"Green Canvas Binder for 8-1/2" x 14" Sheets",68.48,2,0.20,25.68
597,US-2023-108147,2023-06-08,2023-06-13,"Standard Class",RD-19480,"Rick Duston",Consumer,"United States","Long Beach","New York",11561,East,OFF-ST-10003470,"Office Supplies",Storage,"Tennsco Snap-Together Open Shelving Units, Starter Sets and Add-On Units",1676.88,6,0.00,83.84
598,US-2023-115812,2023-06-09,2023-06-14,"Standard Class",BH-11710,"Brosina Hoffman",Consumer,"United States","Los Angeles",California,90032,West,FUR-FU-10001487,Furniture,Furnishings,"Eldon Expressions Wood and Plastic Desk Accessories, Cherry Wood",48.86,7,0.00,14.17
599,US-2023-160262,2023-06-09,2023-06-13,"Second Class",TS-21205,"Thomas Seio",Corporate,"United States","North Las Vegas",Nevada,89031,West,FUR-FU-10002685,Furniture,Furnishings,"Executive Impressions 13-1/2" Indoor/Outdoor Wall Clock",37.40,2,0.00,14.21
600,US-2023-115812,2023-06-09,2023-06-14,"Standard Class",BH-11710,"Brosina Hoffman",Consumer,"United States","Los Angeles",California,90032,West,FUR-TA-10001539,Furniture,Tables,"Chromcraft Rectangular Conference Tables",1706.18,9,0.20,85.31
601,US-2023-132612,2023-06-09,2023-06-11,"Second Class",FO-14305,"Frank Olsen",Consumer,"United States",Harrisonburg,Virginia,22801,South,FUR-TA-10004534,Furniture,Tables,"Bevis 44 x 96 Conference Tables",1441.30,7,0.00,245.02
602,US-2023-115812,2023-06-09,2023-06-14,Unknown,BH-11710,"Brosina Hoffman",Consumer,"United States","Los Angeles",California,90032,West,OFF-AP-10002892,"Office Supplies",Appliances,"Belkin F5C206VTEL 6 Outlet Surge",114.90,5,0.00,34.47
603,US-2023-133753,2023-06-09,2023-06-13,"Second Class",CW-11905,"Carl Weiss","Home Office","United States",Huntsville,Texas,77340,Central,OFF-AR-10001953,"Office Supplies",Art,"Boston 1645 Deluxe Heavier-Duty Electric Pencil Sharpener",70.37,2,0.20,6.16
608,US-2023-160262,2023-06-09,2023-06-13,"Second Class",TS-21205,"Thomas Seio",Corporate,"United States","North Las Vegas",Nevada,89031,West,OFF-PA-10003641,"Office Supplies",Paper,"Xerox 1909",79.14,3,0.00,36.40
609,US-2023-133851,2023-06-09,2023-06-16,"Standard Class",CM-12445,"Chuck Magee",Consumer,"United States","San Francisco",California,94122,West,OFF-SU-10001225,"Office Supplies",Supplies,"Staple remover",7.36,2,0.00,0.15
610,US-2023-133753,2023-06-09,2023-06-13,"Second Class",CW-11905,"Carl Weiss","Home Office","United States",Huntsville,Texas,77340,Central,TEC-AC-10000303,Technology,Accessories,"Logitech M510 Wireless Mouse",63.98,2,0.20,10.40
611,US-2023-133753,2023-06-09,2023-06-13,Unknown,CW-11905,"Carl Weiss","Home Office","United States",Huntsville,Texas,77340,Central,TEC-PH-10000376,Technology,Phones,"Square Credit Card Reader",7.99,1,0.20,0.60
612,US-2023-115812,2023-06-09,2023-06-14,"Standard Class",BH-11710,"Brosina Hoffman",Consumer,"United States","Los Angeles",California,90032,West,TEC-PH-10002033,Technology,Phones,"Konftel 250 Conference phone - Charcoal black",911.42,4,0.20,68.36
613,US-2023-115812,2023-06-09,2023-06-14,"Standard Class",BH-11710,"Brosina Hoffman",Consumer,"United States","Los Angeles",California,90032,West,TEC-PH-10002275,Technology,Phones,"Mitel 5320 IP Phone VoIP phone",907.15,6,0.20,90.72
614,US-2023-144281,2023-06-10,2023-06-15,"Second Class",HK-14890,"Heather Kirkland",Corporate,"United States",Detroit,Michigan,48234,Central,OFF-LA-10003930,"Office Supplies",Labels,"Dot Matrix Printer Tape Reel Labels, White, 5000/Box",491.55,5,0.00,240.86
615,US-2023-114643,2023-06-13,2023-06-17,"Standard Class",FM-14215,"Filia McAdams",Corporate,"United States","Los Angeles",California,90032,West,OFF-AR-10003631,"Office Supplies",Art,"Staples in misc. colors",14.52,3,0.00,4.79
616,US-2023-140487,2023-06-14,2023-06-20,"Standard Class",SR-20425,"Sharelle Roach","Home Office","United States",Detroit,Michigan,48234,Central,FUR-BO-10000711,Furniture,Bookcases,"Hon Metal Bookcases, Gray",212.94,3,0.00,57.49
617,US-2023-141215,2023-06-15,2023-06-21,"Standard Class",KL-16555,"Kelly Lampkin",Corporate,"United States","San Antonio",Texas,78207,Central,FUR-CH-10003379,Furniture,Chairs,"Global Commerce Series High-Back Swivel/Tilt Chairs",797.94,4,0.30,-57.00
618,US-2023-141215,2023-06-15,2023-06-21,"Standard Class",KL-16555,"Kelly Lampkin",Corporate,"United States","San Antonio",Texas,78207,Central,FUR-TA-10001520,Furniture,Tables,"Lesro Sheffield Collection Coffee Table, End Table, Center Table, Corner Table",99.92,2,0.30,-18.56
620,US-2023-126963,2023-06-15,2023-06-15,"Same Day",PS-18760,"Pamela Stobb",Consumer,"United States","El Paso",Texas,79907,Central,OFF-PA-10001952,"Office Supplies",Paper,"Xerox 1902",36.54,2,0.20,11.88
623,US-2023-113929,2023-06-16,2023-06-21,Unknown,CK-12205,"Chloris Kastensmidt",Consumer,"United States",Hempstead,"New York",11550,East,OFF-BI-10002852,"Office Supplies",Binders,"Ibico Standard Transparent Covers",39.55,3,0.20,14.34
627,US-2023-144414,2023-06-17,2023-06-21,"Standard Class",GH-14425,"Gary Hwang",Consumer,"United States",Seattle,Washington,98105,West,OFF-FA-10000624,"Office Supplies",Fasteners,"OIC Binder Clips",17.90,5,0.00,8.95
628,US-2023-156342,2023-06-17,2023-06-20,"Second Class",JF-15415,"Jennifer Ferguson",Consumer,"United States",Chicago,Illinois,60653,Central,OFF-PA-10001725,"Office Supplies",Paper,"Xerox 1892",62.02,2,0.20,22.48
629,US-2023-104402,2023-06-17,2023-06-23,"Standard Class",DB-13660,"Duane Benoit",Consumer,"United States",Newark,Delaware,19711,East,TEC-MA-10000423,Technology,Machines,"Texas Instruments TI-34 Scientific Calculator",65.97,3,0.00,31.01
630,US-2023-123855,2023-06-18,2023-06-23,"Standard Class",MC-18100,"Mick Crebagga",Consumer,"United States","Los Angeles",California,90036,West,TEC-PH-10000215,Technology,Phones,"Plantronics Cordless Phone Headset with In-line Volume - M214C",139.80,5,0.20,12.23
632,US-2023-166863,2023-06-20,2023-06-24,"Standard Class",SC-20020,"Sam Craven",Consumer,"United States",Plano,Texas,75023,Central,FUR-BO-10001608,Furniture,Bookcases,"Hon Metal Bookcases, Black",193.07,4,0.32,-19.87
633,US-2023-112949,2023-06-20,2023-06-27,"Standard Class",Co-12640,Corey-Lock,Consumer,"United States",Lawton,Oklahoma,73505,Central,OFF-AP-10001005,"Office Supplies",Appliances,"Honeywell Quietcare HEPA Air Cleaner",471.90,6,0.00,155.73
634,US-2023-112949,2023-06-20,2023-06-27,"Standard Class",Co-12640,Corey-Lock,Consumer,"United States",Lawton,Oklahoma,73505,Central,OFF-AR-10003469,"Office Supplies",Art,"Nontoxic Chalk",3.52,2,0.00,1.69
636,US-2023-166863,2023-06-20,2023-06-24,"Standard Class",SC-20020,"Sam Craven",Consumer,"United States",Plano,Texas,75023,Central,OFF-PA-10000587,"Office Supplies",Paper,"Array Parchment Paper, Assorted Colors",11.65,2,0.20,4.08
639,US-2023-166863,2023-06-20,2023-06-24,"Standard Class",SC-20020,"Sam Craven",Consumer,"United States",Plano,Texas,75023,Central,TEC-MA-10001972,Technology,Machines,"Okidata C331dn Printer",418.80,2,0.40,-97.72
640,US-2023-166863,2023-06-20,2023-06-24,Unknown,SC-20020,"Sam Craven",Consumer,"United States",Plano,Texas,75023,Central,TEC-PH-10000369,Technology,Phones,"HTC One Mini",201.58,2,0.20,20.16
641,US-2023-138317,2023-06-21,2023-06-25,"Standard Class",NW-18400,"Natalie Webber",Consumer,"United States",Philadelphia,Pennsylvania,19120,East,FUR-FU-10000550,Furniture,Furnishings,"Stacking Trays by OIC",3.98,1,0.20,0.65
642,US-2023-117135,2023-06-21,2023-06-23,"Second Class",NP-18325,"Naresj Patel",Consumer,"United States",Waynesboro,Virginia,22980,South,FUR-FU-10004071,Furniture,Furnishings,"Luxo Professional Magnifying Clamp-On Fluorescent Lamps",104.01,1,0.00,14.56
643,US-2023-130624,2023-06-21,2023-06-24,"First Class",TB-21280,"Toby Braunhardt",Consumer,"United States","New York City","New York",10024,East,OFF-AP-10001303,"Office Supplies",Appliances,"Holmes Cool Mist Humidifier for the Whole House with 8-Gallon Output per Day, Extended Life Filter",59.70,3,0.00,26.86
644,US-2023-138317,2023-06-21,2023-06-25,"Standard Class",NW-18400,"Natalie Webber",Consumer,"United States",Philadelphia,Pennsylvania,19120,East,OFF-AP-10003860,"Office Supplies",Appliances,"Fellowes Advanced 8 Outlet Surge Suppressor with Phone/Fax Protection",44.42,2,0.20,3.89
645,US-2023-128146,2023-06-21,2023-06-25,Unknown,DB-13060,"Dave Brooks",Consumer,"United States",Lakewood,"New Jersey",8701,East,OFF-AR-10001919,"Office Supplies",Art,"OIC #2 Pencils, Medium Soft",3.76,2,0.00,1.09
646,US-2023-141278,2023-06-21,2023-06-24,"First Class",RM-19375,"Raymond Messe",Consumer,"United States",Meriden,Connecticut,6450,East,OFF-AR-10003056,"Office Supplies",Art,"Newell 341",21.40,5,0.00,6.21
647,US-2023-138317,2023-06-21,2023-06-25,"Standard Class",NW-18400,"Natalie Webber",Consumer,"United States",Philadelphia,Pennsylvania,19120,East,OFF-BI-10000069,"Office Supplies",Binders,"GBC Prepunched Paper, 19-Hole, for Binding Systems, 24-lb",9.01,2,0.70,-7.20
648,US-2023-160780,2023-06-21,2023-06-21,"Same Day",SV-20785,"Stewart Visinsky",Consumer,"United States",Pueblo,Colorado,81001,West,OFF-BI-10001116,"Office Supplies",Binders,"Wilson Jones 1" Hanging DublLock Ring Binders",11.09,7,0.70,-8.13
649,US-2023-160780,2023-06-21,2023-06-21,"Same Day",SV-20785,"Stewart Visinsky",Consumer,"United States",Pueblo,Colorado,81001,West,OFF-BI-10002931,"Office Supplies",Binders,"Avery Trapezoid Extra Heavy Duty 4" Binders",25.16,2,0.70,-16.78
650,US-2023-138317,2023-06-21,2023-06-25,"Standard Class",NW-18400,"Natalie Webber",Consumer,"United States",Philadelphia,Pennsylvania,19120,East,OFF-EN-10001539,"Office Supplies",Envelopes,"Staple envelope",24.90,4,0.20,8.40
651,US-2023-130624,2023-06-21,2023-06-24,Unknown,TB-21280,"Toby Braunhardt",Consumer,"United States","New York City","New York",10024,East,OFF-PA-10003883,"Office Supplies",Paper,"Message Book, Phone, Wirebound Standard Line Memo, 2 3/4" X 5"",19.65,3,0.00,9.04
652,US-2023-117135,2023-06-21,2023-06-23,"Second Class",NP-18325,"Naresj Patel",Consumer,"United States",Waynesboro,Virginia,22980,South,OFF-ST-10002444,"Office Supplies",Storage,"Recycled Eldon Regeneration Jumbo File",36.84,3,0.00,10.32
653,US-2023-138317,2023-06-21,2023-06-25,"Standard Class",NW-18400,"Natalie Webber",Consumer,"United States",Philadelphia,Pennsylvania,19120,East,TEC-AC-10003628,Technology,Accessories,"Logitech 910-002974 M325 Wireless Mouse for Web Scrolling",95.97,4,0.20,28.79
654,US-2023-138317,2023-06-21,2023-06-25,"Standard Class",NW-18400,"Natalie Webber",Consumer,"United States",Philadelphia,Pennsylvania,19120,East,TEC-MA-10004521,Technology,Machines,"Epson Perfection V600 Photo Scanner",206.99,3,0.70,-172.49
655,US-2023-141796,2023-06-21,2023-06-21,Unknown,JG-15160,"James Galang",Consumer,"United States","Long Beach","New York",11561,East,TEC-PH-10001578,Technology,Phones,"Polycom SoundStation2 EX Conference phone",1214.85,3,0.00,352.31
657,US-2023-130624,2023-06-21,2023-06-24,"First Class",TB-21280,"Toby Braunhardt",Consumer,"United States","New York City","New York",10024,East,TEC-PH-10003963,Technology,Phones,"GE 2-Jack Phone Line Splitter",617.97,3,0.00,160.67
658,US-2023-128146,2023-06-21,2023-06-25,"Standard Class",DB-13060,"Dave Brooks",Consumer,"United States",Lakewood,"New Jersey",8701,East,TEC-PH-10004539,Technology,Phones,"Wireless Extenders zBoost YX545 SOHO Signal Booster",1322.93,7,0.00,357.19
659,US-2023-154963,2023-06-22,2023-06-27,"Standard Class",AA-10645,"Anna Andreadi",Consumer,"United States",Chester,Pennsylvania,19013,East,FUR-CH-10000454,Furniture,Chairs,"Hon Deluxe Fabric Upholstered Stacking Chairs, Rounded Back",853.93,5,0.30,0.00
660,US-2023-154963,2023-06-22,2023-06-27,Unknown,AA-10645,"Anna Andreadi",Consumer,"United States",Chester,Pennsylvania,19013,East,FUR-CH-10004698,Furniture,Chairs,"Padded Folding Chairs, Black, 4/Carton",170.06,3,0.30,-4.86
661,US-2023-133389,2023-06-22,2023-06-22,"Same Day",TB-21280,"Toby Braunhardt",Consumer,"United States",Phoenix,Arizona,85023,West,OFF-BI-10001553,"Office Supplies",Binders,"SpineVue Locking Slant-D Ring Binders by Cardinal",8.23,3,0.70,-6.03
662,US-2023-124646,2023-06-22,2023-06-24,"First Class",DV-13465,"Dianna Vittorini",Consumer,"United States",Minneapolis,Minnesota,55407,Central,OFF-ST-10001097,"Office Supplies",Storage,"Office Impressions Heavy Duty Welded Shelving & Multimedia Storage Drawers",501.81,3,0.00,0.00
663,US-2023-124646,2023-06-22,2023-06-24,Unknown,DV-13465,"Dianna Vittorini",Consumer,"United States",Minneapolis,Minnesota,55407,Central,OFF-ST-10001469,"Office Supplies",Storage,"Fellowes Bankers Box Recycled Super Stor/Drawer",161.94,3,0.00,9.72
664,US-2023-142048,2023-06-22,2023-06-25,Unknown,JE-15745,"Joel Eaton",Consumer,"United States",Louisville,Colorado,80027,West,TEC-AC-10004114,Technology,Accessories,"KeyTronic 6101 Series - Keyboard - Black",196.75,6,0.20,56.57
665,US-2023-154963,2023-06-22,2023-06-27,Unknown,AA-10645,"Anna Andreadi",Consumer,"United States",Chester,Pennsylvania,19013,East,TEC-PH-10004093,Technology,Phones,"Panasonic Kx-TS550",82.78,3,0.40,-15.18
666,US-2023-130358,2023-06-23,2023-06-26,"First Class",DL-13330,"Denise Leinenbach",Consumer,"United States",Concord,"North Carolina",28027,South,OFF-AR-10002766,"Office Supplies",Art,"Prang Drawing Pencil Set",20.02,9,0.20,1.75
667,US-2023-130358,2023-06-23,2023-06-26,"First Class",DL-13330,"Denise Leinenbach",Consumer,"United States",Concord,"North Carolina",28027,South,OFF-SU-10002522,"Office Supplies",Supplies,"Acme Kleen Earth Office Shears",3.10,1,0.20,0.35
670,US-2023-159338,2023-06-25,2023-06-28,"First Class",NS-18640,"Noel Staavos",Corporate,"United States","Los Angeles",California,90049,West,FUR-TA-10004147,Furniture,Tables,"Hon 4060 Series Tables",447.84,5,0.20,-2239.20
671,US-2023-164469,2023-06-25,2023-06-27,"Second Class",GK-14620,"Grace Kelly",Corporate,"United States",Salem,Oregon,97301,West,OFF-AR-10000475,"Office Supplies",Art,"Hunt BOSTON Vista Battery-Operated Pencil Sharpener, Black",9.33,1,0.20,0.82
672,US-2023-164469,2023-06-25,2023-06-27,"Second Class",GK-14620,"Grace Kelly",Corporate,"United States",Salem,Oregon,97301,West,OFF-AR-10003478,"Office Supplies",Art,"Avery Hi-Liter EverBold Pen Style Fluorescent Highlighters, 4/Pack",71.63,11,0.20,17.91
673,US-2023-164469,2023-06-25,2023-06-27,"Second Class",GK-14620,"Grace Kelly",Corporate,"United States",Salem,Oregon,97301,West,TEC-PH-10002115,Technology,Phones,"Plantronics 81402",263.96,5,0.20,19.80
675,US-2023-104283,2023-06-27,2023-07-01,Unknown,LM-17065,"Liz MacKendrick",Consumer,"United States",Southaven,Mississippi,38671,South,OFF-ST-10004337,"Office Supplies",Storage,"SAFCO Commercial Wire Shelving, 72h",306.20,5,0.00,0.00
676,US-2023-104283,2023-06-27,2023-07-01,"Standard Class",LM-17065,"Liz MacKendrick",Consumer,"United States",Southaven,Mississippi,38671,South,TEC-AC-10000109,Technology,Accessories,"Sony Micro Vault Click 16 GB USB 2.0 Flash Drive",223.96,4,0.00,53.75
677,US-2023-140858,2023-06-28,2023-07-02,"Standard Class",CA-12775,"Cynthia Arntzen",Consumer,"United States",Philadelphia,Pennsylvania,19140,East,FUR-CH-10001394,Furniture,Chairs,"Global Leather Executive Chair",1228.47,5,0.30,0.00
678,US-2023-140858,2023-06-28,2023-07-02,"Standard Class",CA-12775,"Cynthia Arntzen",Consumer,"United States",Philadelphia,Pennsylvania,19140,East,OFF-BI-10003094,"Office Supplies",Binders,"Self-Adhesive Ring Binder Labels",3.17,3,0.70,-2.43
679,US-2023-140858,2023-06-28,2023-07-02,"Standard Class",CA-12775,"Cynthia Arntzen",Consumer,"United States",Philadelphia,Pennsylvania,19140,East,OFF-BI-10004230,"Office Supplies",Binders,"GBC Recycled Grain Textured Covers",31.09,3,0.70,-22.80
680,US-2023-156993,2023-06-28,2023-07-04,"Standard Class",RW-19630,"Rob Williams",Corporate,"United States",Detroit,Michigan,48234,Central,OFF-FA-10003495,"Office Supplies",Fasteners,Staples,6.08,1,0.00,3.04
681,US-2023-140858,2023-06-28,2023-07-02,"Standard Class",CA-12775,"Cynthia Arntzen",Consumer,"United States",Philadelphia,Pennsylvania,19140,East,OFF-PA-10000304,"Office Supplies",Paper,"Xerox 1995",41.47,8,0.20,14.52
683,US-2023-165974,2023-06-29,2023-07-06,"Standard Class",DL-12865,"Dan Lawera",Consumer,"United States",Cincinnati,Ohio,45231,East,OFF-AR-10003405,"Office Supplies",Art,"Dixon My First Ticonderoga Pencil, #2",32.76,7,0.20,3.69
685,US-2023-121566,2023-06-30,2023-07-06,Unknown,CS-11860,"Cari Schnelling",Consumer,"United States","New York City","New York",10011,East,OFF-AR-10001026,"Office Supplies",Art,"Sanford Uni-Blazer View Highlighters, Chisel Tip, Yellow",6.60,3,0.00,2.90
686,US-2023-109218,2023-06-30,2023-07-03,"Second Class",AR-10825,"Anthony Rawles",Corporate,"United States","Los Angeles",California,90004,West,OFF-AR-10001374,"Office Supplies",Art,"BIC Brite Liner Highlighters, Chisel Tip",32.40,5,0.00,10.37
687,US-2023-123064,2023-06-30,2023-07-02,"First Class",RA-19915,"Russell Applegate",Consumer,"United States",Chicago,Illinois,60653,Central,OFF-AR-10004582,"Office Supplies",Art,"BIC Brite Liner Grip Highlighters",5.25,4,0.20,1.64
689,US-2023-121566,2023-06-30,2023-07-06,"Standard Class",CS-11860,"Cari Schnelling",Consumer,"United States","New York City","New York",10011,East,OFF-BI-10004528,"Office Supplies",Binders,"Cardinal Poly Pocket Divider Pockets for Ring Binders",2.69,1,0.20,0.84
690,US-2023-116757,2023-06-30,2023-07-04,"Standard Class",MS-17980,"Michael Stewart",Corporate,"United States",Houston,Texas,77095,Central,OFF-FA-10002815,"Office Supplies",Fasteners,Staples,21.31,6,0.20,7.19
691,US-2023-152254,2023-06-30,2023-06-30,"Same Day",BD-11620,"Brian DeCherney",Consumer,"United States",Wilmington,"North Carolina",28403,South,OFF-PA-10001144,"Office Supplies",Paper,"Xerox 1913",310.69,7,0.20,108.74
692,US-2023-116757,2023-06-30,2023-07-04,"Standard Class",MS-17980,"Michael Stewart",Corporate,"United States",Houston,Texas,77095,Central,OFF-PA-10002005,"Office Supplies",Paper,"Xerox 225",25.92,5,0.20,9.07
693,US-2023-160773,2023-07-01,2023-07-05,Unknown,LW-16825,"Laurel Workman",Corporate,"United States",Deltona,Florida,32725,South,OFF-BI-10000546,"Office Supplies",Binders,"Avery Durable Binders",5.18,6,0.70,-3.63
694,US-2023-153150,2023-07-01,2023-07-06,"Second Class",Dl-13600,"Dorris liebe",Corporate,"United States",Seattle,Washington,98105,West,OFF-BI-10003355,"Office Supplies",Binders,"Cardinal Holdit Business Card Pockets",19.92,5,0.20,6.97
695,US-2023-160773,2023-07-01,2023-07-05,"Standard Class",LW-16825,"Laurel Workman",Corporate,"United States",Deltona,Florida,32725,South,TEC-PH-10004586,Technology,Phones,"Wilson SignalBoost 841262 DB PRO Amplifier Kit",575.92,2,0.20,71.99
697,US-2023-107594,2023-07-02,2023-07-06,"Standard Class",EH-13945,"Eric Hoffmann",Consumer,"United States",Plainfield,"New Jersey",7060,East,TEC-PH-10002923,Technology,Phones,"Logitech B530 USB Headset - headset - Full size, Binaural",73.98,2,0.00,19.97
699,US-2023-138709,2023-07-04,2023-07-09,"Standard Class",MS-17770,"Maxwell Schwartz",Consumer,"United States",Richmond,Virginia,23223,South,OFF-BI-10000145,"Office Supplies",Binders,"Zipper Ring Binder Pockets",15.60,5,0.00,7.64
700,US-2023-120096,2023-07-04,2023-07-07,"First Class",KE-16420,"Katrina Edelman",Corporate,"United States",Aurora,Colorado,80013,West,OFF-PA-10001977,"Office Supplies",Paper,"Xerox 194",177.54,4,0.20,62.14
702,US-2023-103317,2023-07-05,2023-07-08,Unknown,DM-13525,"Don Miller",Corporate,"United States","Palm Coast",Florida,32137,South,FUR-FU-10001591,Furniture,Furnishings,"Advantus Panel Wall Certificate Holder - 8.5x11",19.52,2,0.20,5.37
703,US-2023-103317,2023-07-05,2023-07-08,"First Class",DM-13525,"Don Miller",Corporate,"United States","Palm Coast",Florida,32137,South,FUR-FU-10003192,Furniture,Furnishings,"Luxo Adjustable Task Clamp Lamp",213.22,3,0.20,15.99
704,US-2023-152849,2023-07-05,2023-07-12,"Standard Class",DW-13195,"David Wiener",Corporate,"United States",Knoxville,Tennessee,37918,South,OFF-AR-10002833,"Office Supplies",Art,"Newell 322",4.37,3,0.20,0.38
707,US-2023-157784,2023-07-05,2023-07-08,"First Class",MC-17845,"Michael Chen",Consumer,"United States",Jackson,Mississippi,39212,South,OFF-LA-10001934,"Office Supplies",Labels,"Avery 516",14.62,2,0.00,6.87
708,US-2023-157784,2023-07-05,2023-07-08,"First Class",MC-17845,"Michael Chen",Consumer,"United States",Jackson,Mississippi,39212,South,OFF-PA-10000304,"Office Supplies",Paper,"Xerox 1995",19.44,3,0.00,9.33
711,US-2023-157784,2023-07-05,2023-07-08,"First Class",MC-17845,"Michael Chen",Consumer,"United States",Jackson,Mississippi,39212,South,TEC-AC-10003911,Technology,Accessories,"NETGEAR AC1750 Dual Band Gigabit Smart WiFi Router",479.97,3,0.00,163.19
712,US-2023-147543,2023-07-06,2023-07-12,"Standard Class",BC-11125,"Becky Castell","Home Office","United States","El Cajon",California,92020,West,FUR-CH-10000155,Furniture,Chairs,"Global Comet Stacking Armless Chair",478.48,2,0.20,47.85
713,US-2023-134278,2023-07-06,2023-07-08,"First Class",EP-13915,"Emily Phan",Consumer,"United States","New York City","New York",10011,East,TEC-CO-10001046,Technology,Copiers,"Canon Imageclass D680 Copier / Fax",559.99,1,0.20,175.00
716,US-2023-150301,2023-07-08,2023-07-10,"First Class",MH-18025,"Michelle Huthwaite",Consumer,"United States",Buffalo,"New York",14215,East,FUR-CH-10002647,Furniture,Chairs,"Situations Contoured Folding Chairs, 4/Set",63.88,1,0.10,10.65
717,US-2023-100090,2023-07-08,2023-07-12,"Standard Class",EB-13705,"Ed Braxton",Corporate,"United States","San Francisco",California,94122,West,FUR-TA-10003715,Furniture,Tables,"Hon 2111 Invitation Series Corner Table",502.49,3,0.20,-2512.44
718,US-2023-100090,2023-07-08,2023-07-12,"Standard Class",EB-13705,"Ed Braxton",Corporate,"United States","San Francisco",California,94122,West,OFF-BI-10001597,"Office Supplies",Binders,"Wilson Jones Ledger-Size, Piano-Hinge Binder, 2", Blue",196.70,6,0.20,68.85
720,US-2023-113271,2023-07-09,2023-07-14,"Standard Class",DS-13030,"Darrin Sayre","Home Office","United States","San Francisco",California,94122,West,OFF-AR-10003251,"Office Supplies",Art,"Prang Drawing Pencil Set",5.56,2,0.00,2.22
722,US-2023-114125,2023-07-09,2023-07-13,"Standard Class",GH-14410,"Gary Hansen","Home Office","United States","Los Angeles",California,90049,West,OFF-BI-10003291,"Office Supplies",Binders,"Wilson Jones Leather-Like Binders with DublLock Round Rings",41.90,6,0.20,14.14
723,US-2023-114125,2023-07-09,2023-07-13,"Standard Class",GH-14410,"Gary Hansen","Home Office","United States","Los Angeles",California,90049,West,OFF-LA-10004559,"Office Supplies",Labels,"Avery 49",2.88,1,0.55,1.41
724,US-2023-165379,2023-07-09,2023-07-15,"Standard Class",BM-11650,"Brian Moss",Corporate,"United States",Dallas,Texas,75217,Central,OFF-PA-10002245,"Office Supplies",Paper,"Xerox 1895",14.35,3,0.20,4.48
725,US-2023-113271,2023-07-09,2023-07-14,"Standard Class",DS-13030,"Darrin Sayre","Home Office","United States","San Francisco",California,94122,West,OFF-PA-10002365,"Office Supplies",Paper,"Xerox 1967",32.40,5,0.00,15.55
726,US-2023-165379,2023-07-09,2023-07-15,"Standard Class",BM-11650,"Brian Moss",Corporate,"United States",Dallas,Texas,75217,Central,OFF-PA-10003072,"Office Supplies",Paper,"Eureka Recycled Copy Paper 8 1/2" x 11", Ream",10.37,2,0.20,3.63
727,US-2023-114125,2023-07-09,2023-07-13,"Standard Class",GH-14410,"Gary Hansen","Home Office","United States","Los Angeles",California,90049,West,OFF-ST-10001505,"Office Supplies",Storage,"Perma STOR-ALL Hanging File Box, 13 1/8"W x 12 1/4"D x 10 1/2"H",23.92,4,0.00,4.07
728,US-2023-163552,2023-07-11,2023-07-15,"Standard Class",LA-16780,"Laura Armstrong",Corporate,"United States",Hackensack,"New Jersey",7601,East,FUR-CH-10003379,Furniture,Chairs,"Global Commerce Series High-Back Swivel/Tilt Chairs",854.94,3,0.00,213.74
730,US-2023-133305,2023-07-11,2023-07-15,"Standard Class",MH-17455,"Mark Hamilton",Consumer,"United States","New York City","New York",10011,East,OFF-BI-10002954,"Office Supplies",Binders,"Newell 3-Hole Punched Plastic Slotted Magazine Holders for Binders",18.28,5,0.20,6.40
731,US-2023-163552,2023-07-11,2023-07-15,"Standard Class",LA-16780,"Laura Armstrong",Corporate,"United States",Hackensack,"New Jersey",7601,East,OFF-LA-10001175,"Office Supplies",Labels,"Avery 514",14.40,5,0.00,7.06
733,US-2023-123225,2023-07-11,2023-07-14,"First Class",MN-17935,"Michael Nguyen",Consumer,"United States","El Paso",Texas,79907,Central,OFF-PA-10000552,"Office Supplies",Paper,"Xerox 200",10.37,2,0.20,3.63
735,US-2023-123225,2023-07-11,2023-07-14,"First Class",MN-17935,"Michael Nguyen",Consumer,"United States","El Paso",Texas,79907,Central,TEC-PH-10000895,Technology,Phones,"Polycom VVX 310 VoIP phone",575.97,4,0.20,43.20
737,US-2023-166555,2023-07-11,2023-07-14,"First Class",JK-15205,"Jamie Kunitz",Consumer,"United States","Niagara Falls","New York",14304,East,TEC-PH-10004912,Technology,Phones,"Cisco SPA112 2 Port Phone Adapter",164.85,3,0.00,47.81
738,US-2023-131310,2023-07-12,2023-07-18,"Standard Class",CL-12565,"Clay Ludtke",Consumer,"United States",Seattle,Washington,98115,West,FUR-CH-10001797,Furniture,Chairs,"Safco Chair Connectors, 6/Carton",123.14,4,0.20,13.85
740,US-2023-129924,2023-07-12,2023-07-17,"Standard Class",AC-10420,"Alyssa Crouse",Corporate,"United States","San Francisco",California,94122,West,FUR-TA-10004575,Furniture,Tables,"Hon 5100 Series Wood Tables",698.35,3,0.20,-17.46
741,US-2023-161508,2023-07-12,2023-07-16,"Standard Class",PV-18985,"Paul Van Hugh","Home Office","United States","League City",Texas,77573,Central,OFF-AR-10003158,"Office Supplies",Art,"Fluorescent Highlighters by Dixon",22.29,7,0.20,3.90
742,US-2023-131310,2023-07-12,2023-07-18,"Standard Class",CL-12565,"Clay Ludtke",Consumer,"United States",Seattle,Washington,98115,West,OFF-BI-10003094,"Office Supplies",Binders,"Self-Adhesive Ring Binder Labels",11.26,4,0.20,3.80
743,US-2023-129924,2023-07-12,2023-07-17,"Standard Class",AC-10420,"Alyssa Crouse",Corporate,"United States","San Francisco",California,94122,West,OFF-BI-10003314,"Office Supplies",Binders,"Tuff Stuff Recycled Round Ring Binders",7.71,2,0.20,2.80
744,US-2023-161508,2023-07-12,2023-07-16,"Standard Class",PV-18985,"Paul Van Hugh","Home Office","United States","League City",Texas,77573,Central,OFF-FA-10001561,"Office Supplies",Fasteners,"Stockwell Push Pins",3.49,2,0.20,0.57
745,US-2023-124807,2023-07-12,2023-07-15,"Second Class",ME-17725,"Max Engle",Consumer,"United States",Chicago,Illinois,60610,Central,OFF-PA-10001526,"Office Supplies",Paper,"Xerox 1949",35.86,9,0.20,13.00
747,US-2023-110184,2023-07-12,2023-07-16,"Standard Class",BF-11170,"Ben Ferrer","Home Office","United States","Los Angeles",California,90036,West,OFF-ST-10000107,"Office Supplies",Storage,"Fellowes Super Stor/Drawer",249.75,9,0.00,44.95
749,US-2023-110184,2023-07-12,2023-07-16,"Standard Class",BF-11170,"Ben Ferrer","Home Office","United States","Los Angeles",California,90036,West,TEC-PH-10000439,Technology,Phones,"GE DSL Phone Line Filter",255.94,8,0.20,28.79
750,US-2023-165862,2023-07-13,2023-07-17,"Standard Class",GK-14620,"Grace Kelly",Corporate,"United States","Los Angeles",California,90049,West,FUR-TA-10002855,Furniture,Tables,"Bevis Round Conference Table Top & Single Column Base",351.22,3,0.20,4.39
751,US-2023-164182,2023-07-14,2023-07-18,"Standard Class",ST-20530,"Shui Tom",Consumer,"United States",Philadelphia,Pennsylvania,19140,East,FUR-FU-10001057,Furniture,Furnishings,"Tensor Track Tree Floor Lamp",31.98,2,0.20,1.20
752,US-2023-124464,2023-07-14,2023-07-20,"Standard Class",SS-20515,"Shirley Schmidt","Home Office","United States",Newark,Delaware,19711,East,OFF-AP-10000576,"Office Supplies",Appliances,"Belkin 7 Outlet SurgeMaster II",39.48,1,0.00,11.05
753,US-2023-164182,2023-07-14,2023-07-18,"Standard Class",ST-20530,"Shui Tom",Consumer,"United States",Philadelphia,Pennsylvania,19140,East,OFF-AR-10001044,"Office Supplies",Art,"BOSTON Ranger #55 Pencil Sharpener, Black",41.58,2,0.20,4.68
754,US-2023-109904,2023-07-14,2023-07-17,"Second Class",BF-10975,"Barbara Fisher",Corporate,"United States","New York City","New York",10009,East,OFF-AR-10004999,"Office Supplies",Art,"Newell 315",17.94,3,0.00,4.49
755,US-2023-103905,2023-07-14,2023-07-20,"Standard Class",AW-10930,"Arthur Wiediger","Home Office","United States",Aurora,Illinois,60505,Central,OFF-BI-10001098,"Office Supplies",Binders,"Acco D-Ring Binder w/DublLock",29.93,7,0.80,-46.39
756,US-2023-150532,2023-07-14,2023-07-21,"Standard Class",PB-19150,"Philip Brown",Consumer,"United States",Phoenix,Arizona,85023,West,OFF-ST-10000760,"Office Supplies",Storage,"Eldon Fold 'N Roll Cart System",55.92,5,0.20,6.29
757,US-2023-103905,2023-07-14,2023-07-20,"Standard Class",AW-10930,"Arthur Wiediger","Home Office","United States",Aurora,Illinois,60505,Central,TEC-PH-10001552,Technology,Phones,"I Need's 3d Hello Kitty Hybrid Silicone Case Cover for HTC One X 4g with 3d Hello Kitty Stylus Pen Green/pink",38.27,4,0.20,3.83
758,US-2023-164182,2023-07-14,2023-07-18,"Standard Class",ST-20530,"Shui Tom",Consumer,"United States",Philadelphia,Pennsylvania,19140,East,TEC-PH-10002070,Technology,Phones,"Griffin GC36547 PowerJolt SE Lightning Charger",13.49,1,0.40,-2.25
760,US-2023-115980,2023-07-15,2023-07-19,"Standard Class",VW-21775,"Victoria Wilson",Corporate,"United States","Sioux Falls","South Dakota",57103,Central,OFF-FA-10000304,"Office Supplies",Fasteners,"Advantus Push Pins",6.54,3,0.00,2.68
761,US-2023-115980,2023-07-15,2023-07-19,"Standard Class",VW-21775,"Victoria Wilson",Corporate,"United States","Sioux Falls","South Dakota",57103,Central,TEC-AC-10003709,Technology,Accessories,"Maxell 4.7GB DVD-R 5/Pack",2.97,3,0.00,1.31
763,US-2023-138198,2023-07-18,2023-07-23,"Standard Class",JL-15130,"Jack Lebron",Consumer,"United States","New Rochelle","New York",10801,East,OFF-BI-10002103,"Office Supplies",Binders,"Cardinal Slant-D Ring Binder, Heavy Gauge Vinyl",13.90,2,0.20,4.52
765,US-2023-168158,2023-07-19,2023-07-24,"Standard Class",EM-14140,"Eugene Moren","Home Office","United States","Great Falls",Montana,59405,West,OFF-BI-10001759,"Office Supplies",Binders,"Acco Pressboard Covers with Storage Hooks, 14 7/8" x 11", Dark Blue",6.10,2,0.20,2.21
767,US-2023-150434,2023-07-19,2023-07-24,"Standard Class",CA-12310,"Christine Abelman",Corporate,"United States",Bristol,Connecticut,6010,East,OFF-BI-10003694,"Office Supplies",Binders,"Avery 3 1/2" Diskette Storage Pages, 10/Pack",20.88,2,0.00,9.60
769,US-2023-143903,2023-07-20,2023-07-24,"Standard Class",KM-16375,"Katherine Murray","Home Office","United States",Dallas,Texas,75217,Central,FUR-CH-10002024,Furniture,Chairs,"HON 5400 Series Task Chairs for Big and Tall",981.37,2,0.30,-140.20
770,US-2023-141726,2023-07-20,2023-07-22,"First Class",CC-12145,"Charles Crestani",Consumer,"United States","San Diego",California,92105,West,FUR-FU-10003577,Furniture,Furnishings,"Nu-Dell Leatherette Frames",43.02,3,0.00,15.49
771,US-2023-143903,2023-07-20,2023-07-24,"Standard Class",KM-16375,"Katherine Murray","Home Office","United States",Dallas,Texas,75217,Central,FUR-FU-10003724,Furniture,Furnishings,"Westinghouse Clip-On Gooseneck Lamps",16.74,5,0.60,-14.23
772,US-2023-127866,2023-07-20,2023-07-23,"First Class",JD-15895,"Jonathan Doherty",Corporate,"United States",Riverside,California,92503,West,OFF-AR-10003481,"Office Supplies",Art,"Newell 348",13.12,4,0.00,3.80
773,US-2023-142965,2023-07-20,2023-07-20,"Same Day",SW-20245,"Scot Wooten",Consumer,"United States",Springfield,Ohio,45503,East,OFF-BI-10000977,"Office Supplies",Binders,"Ibico Plastic Spiral Binding Combs",27.36,3,0.70,-21.89
774,US-2023-141726,2023-07-20,2023-07-22,"First Class",CC-12145,"Charles Crestani",Consumer,"United States","San Diego",California,92105,West,OFF-BI-10001982,"Office Supplies",Binders,"Wilson Jones Custom Binder Spines & Labels",8.70,2,0.20,3.16
775,US-2023-157546,2023-07-20,2023-07-22,"First Class",RD-19720,"Roger Demir",Consumer,"United States","San Francisco",California,94122,West,OFF-BI-10002498,"Office Supplies",Binders,"Clear Mylar Reinforcing Strips",89.71,6,0.20,30.28
776,US-2023-141726,2023-07-20,2023-07-22,"First Class",CC-12145,"Charles Crestani",Consumer,"United States","San Diego",California,92105,West,OFF-PA-10000418,"Office Supplies",Paper,"Xerox 189",104.85,80,0.00,50.33
777,US-2023-141726,2023-07-20,2023-07-22,"First Class",CC-12145,"Charles Crestani",Consumer,"United States","San Diego",California,92105,West,OFF-PA-10002230,"Office Supplies",Paper,"Xerox 1897",19.92,4,0.00,9.76
778,US-2023-127866,2023-07-20,2023-07-23,"First Class",JD-15895,"Jonathan Doherty",Corporate,"United States",Riverside,California,92503,West,OFF-PA-10003971,"Office Supplies",Paper,"Xerox 1965",11.96,2,0.00,5.86
779,US-2023-157546,2023-07-20,2023-07-22,"First Class",RD-19720,"Roger Demir",Consumer,"United States","San Francisco",California,94122,West,OFF-PA-10004569,"Office Supplies",Paper,"Wirebound Message Books, Two 4 1/4" x 5" Forms per Page",22.83,3,0.00,10.73
781,US-2023-142965,2023-07-20,2023-07-20,"Same Day",SW-20245,"Scot Wooten",Consumer,"United States",Springfield,Ohio,45503,East,OFF-ST-10002583,"Office Supplies",Storage,"Fellowes Neat Ideas Storage Cubes",25.98,1,0.20,-5.20
782,US-2023-143903,2023-07-20,2023-07-24,"Standard Class",KM-16375,"Katherine Murray","Home Office","United States",Dallas,Texas,75217,Central,OFF-ST-10003306,"Office Supplies",Storage,"Letter Size Cart",342.86,3,0.20,38.57
784,US-2023-116932,2023-07-21,2023-07-25,"Standard Class",ME-18010,"Michelle Ellison",Corporate,"United States","San Francisco",California,94122,West,FUR-CH-10001215,Furniture,Chairs,"Global Troy Executive Leather Low-Back Tilter",801.57,2,0.20,50.10
785,US-2023-129189,2023-07-21,2023-07-25,"Standard Class",HM-14860,"Harry Marie",Corporate,"United States",Dallas,Texas,75217,Central,FUR-CH-10004997,Furniture,Chairs,"Hon Every-Day Series Multi-Task Chairs",657.93,5,0.30,-93.99
786,US-2023-116932,2023-07-21,2023-07-25,"Standard Class",ME-18010,"Michelle Ellison",Corporate,"United States","San Francisco",California,94122,West,FUR-TA-10004175,Furniture,Tables,"Hon 30" x 60" Table with Locking Drawer",272.85,1,0.20,27.28
787,US-2023-129189,2023-07-21,2023-07-25,"Standard Class",HM-14860,"Harry Marie",Corporate,"United States",Dallas,Texas,75217,Central,OFF-AP-10000124,"Office Supplies",Appliances,"Acco 6 Outlet Guardian Basic Surge Suppressor",4.99,3,0.80,-12.98
791,US-2023-109890,2023-07-21,2023-07-27,"Standard Class",PG-18820,"Patrick Gardner",Consumer,"United States",Omaha,Nebraska,68104,Central,TEC-PH-10004100,Technology,Phones,"Griffin GC17055 Auxiliary Audio Cable",35.98,2,0.00,10.07
792,US-2023-117464,2023-07-22,2023-07-24,"Second Class",NP-18325,"Naresj Patel",Consumer,"United States","San Francisco",California,94122,West,FUR-CH-10000155,Furniture,Chairs,"Global Comet Stacking Armless Chair",717.72,3,0.20,71.77
793,US-2023-117464,2023-07-22,2023-07-24,"Second Class",NP-18325,"Naresj Patel",Consumer,"United States","San Francisco",California,94122,West,FUR-TA-10004767,Furniture,Tables,"Safco Drafting Table",170.35,3,0.20,19.16
794,US-2023-127691,2023-07-22,2023-07-27,"Standard Class",EM-14065,"Erin Mull",Consumer,"United States","New York City","New York",10024,East,OFF-AR-10002053,"Office Supplies",Art,"Premium Writing Pencils, Soft, #2 by Central Association for the Blind",5.96,2,0.00,1.67
795,US-2023-117464,2023-07-22,2023-07-24,Unknown,NP-18325,"Naresj Patel",Consumer,"United States","San Francisco",California,94122,West,OFF-AR-10003190,"Office Supplies",Art,"Newell 32",11.52,4,0.00,3.23
797,US-2023-117464,2023-07-22,2023-07-24,"Second Class",NP-18325,"Naresj Patel",Consumer,"United States","San Francisco",California,94122,West,OFF-ST-10003058,"Office Supplies",Storage,"Eldon Mobile Mega Data Cart  Mega Stackable  Add-On Trays",236.50,10,0.00,68.59
798,US-2023-164644,2023-07-22,2023-07-24,"Second Class",JL-15850,"John Lucas",Consumer,"United States",Houston,Texas,77095,Central,OFF-ST-10003123,"Office Supplies",Storage,"Fellowes Bases and Tops For Staxonsteel/High-Stak Systems",26.63,1,0.20,1.33
799,US-2023-127691,2023-07-22,2023-07-27,"Standard Class",EM-14065,"Erin Mull",Consumer,"United States","New York City","New York",10024,East,TEC-AC-10002567,Technology,Accessories,"Logitech G602 Wireless Gaming Mouse",159.98,2,0.00,57.59
801,US-2023-119137,2023-07-23,2023-07-27,"Standard Class",AG-10900,"Arthur Gainer",Consumer,"United States",Tucson,Arizona,85705,West,OFF-BI-10001982,"Office Supplies",Binders,"Wilson Jones Custom Binder Spines & Labels",8.16,5,0.70,-5.71
802,US-2023-145254,2023-07-23,2023-07-27,"Standard Class",NC-18535,"Nick Crebassa",Corporate,"United States","San Francisco",California,94122,West,OFF-SU-10004664,"Office Supplies",Supplies,"Acme Softgrip Scissors",40.70,5,0.00,11.80
803,US-2023-103058,2023-07-23,2023-07-24,"First Class",AG-10270,"Alejandro Grove",Consumer,"United States","New York City","New York",10011,East,TEC-AC-10001314,Technology,Accessories,"Case Logic 2.4GHz Wireless Keyboard",99.98,2,0.00,8.00
805,US-2023-145254,2023-07-23,2023-07-27,"Standard Class",NC-18535,"Nick Crebassa",Corporate,"United States","San Francisco",California,94122,West,TEC-AC-10002167,Technology,Accessories,"Imation 8gb Micro Traveldrive Usb 2.0 Flash Drive",45.00,3,0.00,4.95
806,US-2023-119137,2023-07-23,2023-07-27,"Standard Class",AG-10900,"Arthur Gainer",Consumer,"United States",Tucson,Arizona,85705,West,TEC-AC-10003911,Technology,Accessories,"NETGEAR AC1750 Dual Band Gigabit Smart WiFi Router",1023.94,8,0.20,179.19
807,US-2023-145254,2023-07-23,2023-07-27,"Standard Class",NC-18535,"Nick Crebassa",Corporate,"United States","San Francisco",California,94122,West,TEC-PH-10000441,Technology,Phones,"VTech DS6151",604.75,6,0.20,60.48
809,US-2023-143917,2023-07-25,2023-07-27,"Second Class",KL-16645,"Ken Lonsdale",Consumer,"United States","San Francisco",California,94122,West,FUR-FU-10004351,Furniture,Furnishings,"Staple-based wall hangings",77.92,8,0.00,34.28
811,US-2023-143917,2023-07-25,2023-07-27,"Second Class",KL-16645,"Ken Lonsdale",Consumer,"United States","San Francisco",California,94122,West,OFF-ST-10001228,"Office Supplies",Storage,"Fellowes Personal Hanging Folder Files, Navy",53.72,320,0.00,15.04
812,US-2023-143917,2023-07-25,2023-07-27,"Second Class",KL-16645,"Ken Lonsdale",Consumer,"United States","San Francisco",California,94122,West,OFF-SU-10000151,"Office Supplies",Supplies,"High Speed Automatic Electric Letter Opener",8187.65,5,0.00,327.51
814,US-2023-116190,2023-07-26,2023-08-01,"Standard Class",SG-20470,"Sheri Gordon",Consumer,"United States",Atlanta,Georgia,30318,South,FUR-CH-10000553,Furniture,Chairs,"Metal Folding Chairs, Beige, 4/Carton",67.88,2,0.00,18.33
815,US-2023-126760,2023-07-26,2023-08-02,"Standard Class",KM-16720,"Kunst Miller",Consumer,"United States","North Las Vegas",Nevada,89031,West,FUR-CH-10003312,Furniture,Chairs,"Hon 2090 “Pillow Soft” Series Mid Back Swivel/Tilt Chairs",674.35,3,0.20,-109.58
816,US-2023-116190,2023-07-26,2023-08-01,"Standard Class",SG-20470,"Sheri Gordon",Consumer,"United States",Atlanta,Georgia,30318,South,FUR-FU-10000719,Furniture,Furnishings,"DAX Cubicle Frames, 8-1/2 x 11",25.71,3,0.00,9.26
818,US-2023-169019,2023-07-26,2023-07-30,"Standard Class",LF-17185,"Luke Foster",Consumer,"United States","San Antonio",Texas,78207,Central,FUR-FU-10004666,Furniture,Furnishings,"DAX Clear Channel Poster Frame",17.50,3,0.60,-10.06
819,US-2023-169019,2023-07-26,2023-07-30,"Standard Class",LF-17185,"Luke Foster",Consumer,"United States","San Antonio",Texas,78207,Central,OFF-AP-10003281,"Office Supplies",Appliances,"Acco 6 Outlet Guardian Standard Surge Suppressor",4.84,2,0.80,-12.09
820,US-2023-169019,2023-07-26,2023-07-30,"Standard Class",LF-17185,"Luke Foster",Consumer,"United States","San Antonio",Texas,78207,Central,OFF-BI-10001524,"Office Supplies",Binders,"GBC Premium Transparent Covers with Diagonal Lined Pattern",16.78,4,0.80,-26.85
821,US-2023-169019,2023-07-26,2023-07-30,"Standard Class",LF-17185,"Luke Foster",Consumer,"United States","San Antonio",Texas,78207,Central,OFF-BI-10001679,"Office Supplies",Binders,"GBC Instant Index System for Binding Systems",8.88,5,0.80,-13.32
822,US-2023-169019,2023-07-26,2023-07-30,"Standard Class",LF-17185,"Luke Foster",Consumer,"United States","San Antonio",Texas,78207,Central,OFF-BI-10004995,"Office Supplies",Binders,"GBC DocuBind P400 Electric Binding System",2177.58,8,0.80,-3701.89
823,US-2023-116190,2023-07-26,2023-08-01,"Standard Class",SG-20470,"Sheri Gordon",Consumer,"United States",Atlanta,Georgia,30318,South,OFF-LA-10002762,"Office Supplies",Labels,"Avery 485",162.89,13,0.00,76.56
824,US-2023-155894,2023-07-26,2023-07-30,"Second Class",CL-11890,"Carl Ludwig",Consumer,"United States",Chicago,Illinois,60623,Central,OFF-ST-10004804,"Office Supplies",Storage,"Belkin 19" Vented Equipment Shelf, Black",123.55,3,0.20,-29.34
825,US-2023-159121,2023-07-26,2023-08-01,"Standard Class",JO-15145,"Jack O'Briant",Corporate,"United States",Draper,Utah,84020,West,TEC-AC-10002006,Technology,Accessories,"Memorex Micro Travel Drive 16 GB",111.93,7,0.00,34.70
826,US-2023-169019,2023-07-26,2023-07-30,"Standard Class",LF-17185,"Luke Foster",Consumer,"United States","San Antonio",Texas,78207,Central,TEC-AC-10002076,Technology,Accessories,"Microsoft Natural Keyboard Elite",431.14,9,0.20,-26.95
827,US-2023-126760,2023-07-26,2023-08-02,"Standard Class",KM-16720,"Kunst Miller",Consumer,"United States","North Las Vegas",Nevada,89031,West,TEC-AC-10004814,Technology,Accessories,"Logitech Illuminated Ultrathin Keyboard with Backlighting",170.97,3,0.00,70.10
828,US-2023-126760,2023-07-26,2023-08-02,"Standard Class",KM-16720,"Kunst Miller",Consumer,"United States","North Las Vegas",Nevada,89031,West,TEC-PH-10001363,Technology,Phones,"Apple iPhone 5S",911.98,2,0.20,114.00
830,US-2023-169642,2023-07-27,2023-07-30,"Second Class",BB-10990,"Barry Blumstein",Corporate,"United States","Los Angeles",California,90036,West,OFF-ST-10002574,"Office Supplies",Storage,"SAFCO Commercial Wire Shelving, Black",276.28,2,0.00,0.00
831,US-2023-124709,2023-07-27,2023-07-29,"Second Class",GW-14605,"Giulietta Weimer",Consumer,"United States","San Francisco",California,94122,West,TEC-AC-10002842,Technology,Accessories,"WD My Passport Ultra 2TB Portable External Hard Drive",238.00,2,0.00,-1190.00
832,US-2023-131541,2023-07-28,2023-07-28,"Same Day",CK-12205,"Chloris Kastensmidt",Consumer,"United States",Apopka,Florida,32712,South,FUR-FU-10003623,Furniture,Furnishings,"DataProducts Ampli Magnifier Task Lamp, Black,",129.89,6,0.20,12.99
833,US-2023-131541,2023-07-28,2023-07-28,"Same Day",CK-12205,"Chloris Kastensmidt",Consumer,"United States",Apopka,Florida,32712,South,OFF-EN-10000781,"Office Supplies",Envelopes,"#10- 4 1/8" x 9 1/2" Recycled Envelopes",48.94,7,0.20,16.52
834,US-2023-131541,2023-07-28,2023-07-28,Unknown,CK-12205,"Chloris Kastensmidt",Consumer,"United States",Apopka,Florida,32712,South,OFF-FA-10000621,"Office Supplies",Fasteners,"OIC Colored Binder Clips, Assorted Sizes",14.32,5,0.20,5.19
835,US-2023-111192,2023-07-30,2023-08-05,"Standard Class",TS-21430,"Tom Stivers",Corporate,"United States",Seattle,Washington,98103,West,FUR-BO-10002916,Furniture,Bookcases,"Rush Hierlooms Collection 1" Thick Stackable Bookcases",1367.84,8,0.00,259.89
836,US-2023-117345,2023-08-01,2023-08-05,"Standard Class",BF-10975,"Barbara Fisher",Corporate,"United States",Charlotte,"North Carolina",28205,South,FUR-FU-10000629,Furniture,Furnishings,"9-3/4 Diameter Round Wall Clock",44.13,4,0.20,12.14
837,US-2023-117345,2023-08-01,2023-08-05,"Standard Class",BF-10975,"Barbara Fisher",Corporate,"United States",Charlotte,"North Carolina",28205,South,OFF-AP-10001005,"Office Supplies",Appliances,"Honeywell Quietcare HEPA Air Cleaner",62.92,1,0.20,10.22
839,US-2023-162684,2023-08-01,2023-08-06,"Standard Class",AS-10630,"Ann Steele","Home Office","United States",Philadelphia,Pennsylvania,19120,East,OFF-FA-10000992,"Office Supplies",Fasteners,"Acco Clips to Go Binder Clips, 24 Clips in Two Sizes",5.68,2,0.20,1.92
840,US-2023-117345,2023-08-01,2023-08-05,"Standard Class",BF-10975,"Barbara Fisher",Corporate,"United States",Charlotte,"North Carolina",28205,South,OFF-LA-10000240,"Office Supplies",Labels,"Self-Adhesive Address Labels for Typewriters by Universal",17.54,3,0.20,5.92
841,US-2023-117345,2023-08-01,2023-08-05,"Standard Class",BF-10975,"Barbara Fisher",Corporate,"United States",Charlotte,"North Carolina",28205,South,OFF-PA-10002377,"Office Supplies",Paper,"Xerox 1916",78.30,2,0.20,29.36
842,US-2023-106299,2023-08-02,2023-08-08,"Standard Class",NZ-18565,"Nick Zandusky","Home Office","United States",Springfield,Missouri,65807,Central,OFF-BI-10001758,"Office Supplies",Binders,"Wilson Jones 14 Line Acrylic Coated Pressboard Data Binders",26.70,5,0.00,12.55
843,US-2023-106299,2023-08-02,2023-08-08,Unknown,NZ-18565,"Nick Zandusky","Home Office","United States",Springfield,Missouri,65807,Central,OFF-ST-10002011,"Office Supplies",Storage,"Smead Adjustable Mobile File Trolley with Lockable Top",838.38,2,0.00,226.36
844,US-2023-106299,2023-08-02,2023-08-08,"Standard Class",NZ-18565,"Nick Zandusky","Home Office","United States",Springfield,Missouri,65807,Central,TEC-AC-10003237,Technology,Accessories,"Memorex Micro Travel Drive 4 GB",21.20,2,0.00,9.12
845,US-2023-133690,2023-08-03,2023-08-05,"First Class",BS-11755,"Bruce Stewart",Consumer,"United States",Denver,Colorado,80219,West,FUR-TA-10004289,Furniture,Tables,"BoxOffice By Design Rectangular and Half-Moon Meeting Room Tables",218.75,2,0.50,-161.88
846,US-2023-133690,2023-08-03,2023-08-05,"First Class",BS-11755,"Bruce Stewart",Consumer,"United States",Denver,Colorado,80219,West,OFF-AP-10003622,"Office Supplies",Appliances,"Bravo II Megaboss 12-Amp Hard Body Upright, Replacement Belts, 2 Belts per Pack",2.60,1,0.20,0.29
847,US-2023-125612,2023-08-03,2023-08-08,Unknown,BK-11260,"Berenike Kampe",Consumer,"United States","New York City","New York",10035,East,OFF-PA-10001019,"Office Supplies",Paper,"Xerox 1884",39.96,2,0.00,18.78
848,US-2023-128986,2023-08-03,2023-08-05,"Second Class",GH-14410,"Gary Hansen","Home Office","United States",Glendale,Arizona,85301,West,OFF-PA-10001289,"Office Supplies",Paper,"White Computer Printout Paper by Universal",93.02,3,0.20,33.72
849,US-2023-125612,2023-08-03,2023-08-08,"Standard Class",BK-11260,"Berenike Kampe",Consumer,"United States","New York City","New York",10035,East,OFF-ST-10003221,"Office Supplies",Storage,"Staple magnet",21.36,2,0.00,5.77
850,US-2023-125612,2023-08-03,2023-08-08,"Standard Class",BK-11260,"Berenike Kampe",Consumer,"United States","New York City","New York",10035,East,OFF-SU-10002537,"Office Supplies",Supplies,"Acme Box Cutter Scissors",102.30,10,0.00,26.60
854,US-2023-126361,2023-08-04,2023-08-09,Unknown,VD-21670,"Valerie Dominguez",Consumer,"United States","Pleasant Grove",Utah,84062,West,OFF-BI-10002852,"Office Supplies",Binders,"Ibico Standard Transparent Covers",13.18,1,0.20,4.78
855,US-2023-126361,2023-08-04,2023-08-09,"Second Class",VD-21670,"Valerie Dominguez",Consumer,"United States","Pleasant Grove",Utah,84062,West,OFF-PA-10000806,"Office Supplies",Paper,"Xerox 1934",447.84,640,0.00,219.44
856,US-2023-134215,2023-08-04,2023-08-08,"Standard Class",ML-17395,"Marina Lichtenstein",Corporate,"United States",Bangor,Maine,4401,East,OFF-PA-10004353,"Office Supplies",Paper,"Southworth 25% Cotton Premium Laser Paper and Envelopes",259.74,13,0.00,124.68
858,US-2023-134215,2023-08-04,2023-08-08,"Standard Class",ML-17395,"Marina Lichtenstein",Corporate,"United States",Bangor,Maine,4401,East,TEC-AC-10002473,Technology,Accessories,"Maxell 4.7GB DVD-R",255.42,9,0.00,104.72
859,US-2023-126361,2023-08-04,2023-08-09,Unknown,VD-21670,"Valerie Dominguez",Consumer,"United States","Pleasant Grove",Utah,84062,West,TEC-PH-10002310,Technology,Phones,"Panasonic KX T7731-B Digital phone",399.96,5,0.20,35.00
861,US-2023-118962,2023-08-05,2023-08-09,"Standard Class",CS-12130,"Chad Sievert",Consumer,"United States","Los Angeles",California,90004,West,FUR-CH-10003817,Furniture,Chairs,"Global Value Steno Chair, Gray",340.14,7,0.20,21.26
862,US-2023-124723,2023-08-05,2023-08-12,"Standard Class",GZ-14470,"Gary Zandusky",Consumer,"United States","Texas City",Texas,77590,Central,FUR-TA-10001307,Furniture,Tables,"SAFCO PlanMaster Heigh-Adjustable Drafting Table Base, 43w x 30d x 30-37h, Black",489.23,2,0.30,41.93
863,US-2023-117968,2023-08-05,2023-08-07,"Second Class",RS-19420,"Ricardo Sperren",Corporate,"United States",Meriden,Connecticut,6450,East,OFF-AP-10002765,"Office Supplies",Appliances,"Fellowes Advanced Computer Series Surge Protectors",79.47,3,0.00,22.25
864,US-2023-117968,2023-08-05,2023-08-07,Unknown,RS-19420,"Ricardo Sperren",Corporate,"United States",Meriden,Connecticut,6450,East,OFF-AR-10004165,"Office Supplies",Art,"Binney & Smith inkTank Erasable Pocket Highlighter, Chisel Tip, Yellow",4.56,2,0.00,2.01
865,US-2023-110065,2023-08-05,2023-08-11,"Standard Class",SP-20650,"Stephanie Phelps",Corporate,"United States","New York City","New York",10009,East,OFF-AR-10004165,"Office Supplies",Art,"Binney & Smith inkTank Erasable Pocket Highlighter, Chisel Tip, Yellow",15.96,7,0.00,7.02
866,US-2023-150490,2023-08-05,2023-08-11,"Standard Class",SS-20590,"Sonia Sunley",Consumer,"United States","San Francisco",California,94122,West,OFF-AR-10004602,"Office Supplies",Art,"Boston KS Multi-Size Manual Pencil Sharpener",45.98,2,0.00,12.87
868,US-2023-118962,2023-08-05,2023-08-09,"Standard Class",CS-12130,"Chad Sievert",Consumer,"United States","Los Angeles",California,90004,West,OFF-PA-10001144,"Office Supplies",Paper,"Xerox 1913",110.96,2,0.00,53.26
869,US-2023-150490,2023-08-05,2023-08-11,"Standard Class",SS-20590,"Sonia Sunley",Consumer,"United States","San Francisco",California,94122,West,OFF-ST-10000321,"Office Supplies",Storage,"Akro Stacking Bins",15.78,2,0.00,0.63
870,US-2023-150490,2023-08-05,2023-08-11,"Standard Class",SS-20590,"Sonia Sunley",Consumer,"United States","San Francisco",California,94122,West,TEC-AC-10004510,Technology,Accessories,"Logitech Desktop MK120 Mouse and keyboard Combo",16.36,1,0.00,1.64
871,US-2023-110065,2023-08-05,2023-08-11,"Standard Class",SP-20650,"Stephanie Phelps",Corporate,"United States","New York City","New York",10009,East,TEC-PH-10002468,Technology,Phones,"Plantronics CS 50-USB - headset - Convertible, Monaural",135.99,1,0.00,36.72
872,US-2023-115357,2023-08-06,2023-08-11,"Second Class",RF-19735,"Roland Fjeld",Consumer,"United States",Columbia,"South Carolina",29203,South,TEC-AC-10000023,Technology,Accessories,"Maxell 74 Minute CD-R Spindle, 50/Pack",62.91,3,0.00,22.65
873,US-2023-137575,2023-08-06,2023-08-11,Unknown,TB-21625,"Trudy Brown",Consumer,"United States","New York City","New York",10035,East,TEC-AC-10004571,Technology,Accessories,"Logitech G700s Rechargeable Gaming Mouse",199.98,2,0.00,83.99
874,US-2023-156790,2023-08-08,2023-08-10,"Second Class",VG-21790,"Vivek Gonzalez",Consumer,"United States",Jacksonville,Florida,32216,South,FUR-BO-10000468,Furniture,Bookcases,"O'Sullivan 2-Shelf Heavy-Duty Bookcases",155.46,4,0.20,-7.77
875,US-2023-151708,2023-08-08,2023-08-14,"Standard Class",MB-17305,"Maria Bertelson",Consumer,"United States",Glendale,Arizona,85301,West,FUR-FU-10001602,Furniture,Furnishings,"Eldon Delta Triangular Chair Mat, 52" x 58", Clear",121.38,4,0.20,-3.03
876,US-2023-131450,2023-08-08,2023-08-15,"Standard Class",LR-16915,"Lena Radford",Consumer,"United States","San Diego",California,92024,West,FUR-FU-10001979,Furniture,Furnishings,"Dana Halogen Swing-Arm Architect Lamp",327.76,8,0.00,91.77
877,US-2023-124478,2023-08-08,2023-08-12,"Standard Class",MA-17560,"Matt Abelman","Home Office","United States",Trenton,Michigan,48183,Central,FUR-FU-10002088,Furniture,Furnishings,"Nu-Dell Float Frame 11 x 14 1/2",53.88,6,0.00,22.63
878,US-2023-124478,2023-08-08,2023-08-12,"Standard Class",MA-17560,"Matt Abelman","Home Office","United States",Trenton,Michigan,48183,Central,OFF-AP-10002495,"Office Supplies",Appliances,"Acco Smartsocket Table Surge Protector, 6 Color-Coded Adapter Outlets",167.54,3,0.10,37.23
879,US-2023-131450,2023-08-08,2023-08-15,"Standard Class",LR-16915,"Lena Radford",Consumer,"United States","San Diego",California,92024,West,OFF-AP-10004708,"Office Supplies",Appliances,"Fellowes Superior 10 Outlet Split Surge Protector",76.12,2,0.00,22.07
880,US-2023-124478,2023-08-08,2023-08-12,"Standard Class",MA-17560,"Matt Abelman","Home Office","United States",Trenton,Michigan,48183,Central,OFF-EN-10002500,"Office Supplies",Envelopes,"Globe Weis Peel & Seel First Class Envelopes",38.34,3,0.00,17.25
882,US-2023-151708,2023-08-08,2023-08-14,"Standard Class",MB-17305,"Maria Bertelson",Consumer,"United States",Glendale,Arizona,85301,West,TEC-AC-10001767,Technology,Accessories,"SanDisk Ultra 64 GB MicroSDHC Class 10 Memory Card",95.98,3,0.20,-10.80
883,US-2023-124478,2023-08-08,2023-08-12,"Standard Class",MA-17560,"Matt Abelman","Home Office","United States",Trenton,Michigan,48183,Central,TEC-CO-10001571,Technology,Copiers,"Sharp 1540cs Digital Laser Copier",549.99,1,0.00,275.00
884,US-2023-131450,2023-08-08,2023-08-15,"Standard Class",LR-16915,"Lena Radford",Consumer,"United States","San Diego",California,92024,West,TEC-CO-10004115,Technology,Copiers,"Sharp AL-1530CS Digital Copier",1199.98,3,0.20,434.99
885,US-2023-124478,2023-08-08,2023-08-12,Unknown,MA-17560,"Matt Abelman","Home Office","United States",Trenton,Michigan,48183,Central,TEC-PH-10001128,Technology,Phones,"Motorola Droid Maxx",299.98,2,0.00,83.99
886,US-2023-131450,2023-08-08,2023-08-15,"Standard Class",LR-16915,"Lena Radford",Consumer,"United States","San Diego",California,92024,West,TEC-PH-10002398,Technology,Phones,"AT&T 1070 Corded Phone",445.96,5,0.20,55.74
887,CA-2023-129322,2023-08-08,2023-08-10,"Second Class",DB-13405,"Denny Blanton",Consumer,Canada,Toronto,Ontario,M5H,East,OFF-AP-10004336,"Office Supplies",Appliances,"Conquest 14 Commercial Heavy-Duty Upright Vacuum, Collection System, Accessory Kit",113.92,2,0.00,33.04
888,CA-2023-129322,2023-08-08,2023-08-10,"Second Class",DB-13405,"Denny Blanton",Consumer,Canada,Toronto,Ontario,M5H,East,OFF-AR-10004587,"Office Supplies",Art,"Boston 1827 Commercial Additional Cutter, Drive Gear & Gear Rack for 1606",39.66,2,0.00,11.90
889,CA-2023-129322,2023-08-08,2023-08-10,"Second Class",DB-13405,"Denny Blanton",Consumer,Canada,Toronto,Ontario,M5H,East,OFF-BI-10001718,"Office Supplies",Binders,"GBC DocuBind P50 Personal Binding Machine",447.86,7,0.00,210.49
890,US-2023-161249,2023-08-09,2023-08-13,"Standard Class",RD-19720,"Roger Demir",Consumer,"United States",Phoenix,Arizona,85023,West,OFF-BI-10001097,"Office Supplies",Binders,"Avery Hole Reinforcements",9.35,5,0.70,-6.54
892,US-2023-161249,2023-08-09,2023-08-13,"Standard Class",RD-19720,"Roger Demir",Consumer,"United States",Phoenix,Arizona,85023,West,OFF-FA-10004838,"Office Supplies",Fasteners,"Super Bands, 12/Pack",4.46,3,0.20,-0.95
893,US-2023-110527,2023-08-09,2023-08-16,"Standard Class",ED-13885,"Emily Ducich","Home Office","United States","San Diego",California,92037,West,OFF-LA-10000262,"Office Supplies",Labels,"Avery 494",20.88,8,0.00,9.60
894,US-2023-141901,2023-08-09,2023-08-14,Unknown,GM-14500,"Gene McClure",Consumer,"United States",Fresno,California,93727,West,OFF-PA-10001667,"Office Supplies",Paper,"Great White Multi-Use Recycled Paper (20Lb. and 84 Bright)",5.98,1,0.00,2.69
895,US-2023-167850,2023-08-09,2023-08-16,"Standard Class",AG-10525,"Andy Gerbode",Corporate,"United States","Saint Petersburg",Florida,33710,South,OFF-PA-10001937,"Office Supplies",Paper,"Xerox 21",15.55,3,0.20,5.44
896,US-2023-166471,2023-08-09,2023-08-13,"Standard Class",MG-17650,"Matthew Grinstein","Home Office","United States",Seattle,Washington,98103,West,TEC-PH-10000038,Technology,Phones,"Jawbone MINI JAMBOX Wireless Bluetooth Speaker",219.17,2,0.20,-43.83
898,US-2023-167850,2023-08-09,2023-08-16,"Standard Class",AG-10525,"Andy Gerbode",Corporate,"United States","Saint Petersburg",Florida,33710,South,TEC-PH-10002398,Technology,Phones,"AT&T 1070 Corded Phone",178.38,2,0.20,22.30
899,US-2023-127012,2023-08-11,2023-08-15,"Standard Class",GM-14680,"Greg Matthias",Consumer,"United States",Seattle,Washington,98105,West,FUR-FU-10003691,Furniture,Furnishings,"Eldon Image Series Desk Accessories, Ebony",12.35,1,0.00,5.43
900,US-2023-127012,2023-08-11,2023-08-15,"Standard Class",GM-14680,"Greg Matthias",Consumer,"United States",Seattle,Washington,98105,West,OFF-AR-10003903,"Office Supplies",Art,"Sanford 52201 APSCO Electric Pencil Sharpener",40.97,1,0.00,10.65
903,US-2023-109897,2023-08-12,2023-08-16,"Standard Class",BW-11200,"Ben Wallace",Consumer,"United States","San Francisco",California,94122,West,FUR-FU-10002878,Furniture,Furnishings,"Seth Thomas 14" Day/Date Wall Clock",85.44,3,0.00,31.61
904,US-2023-156244,2023-08-12,2023-08-16,"Standard Class",DH-13675,"Duane Huffman","Home Office","United States",Miami,Florida,33180,South,OFF-AP-10002403,"Office Supplies",Appliances,"Acco Smartsocket Color-Coded Six-Outlet AC Adapter Model Surge Protectors",211.25,6,0.20,15.84
906,US-2023-153927,2023-08-12,2023-08-13,"First Class",LL-16840,"Lauren Leatherbury",Consumer,"United States",Woodstock,Georgia,30188,South,OFF-BI-10000138,"Office Supplies",Binders,"Acco Translucent Poly Ring Binders",14.04,3,0.00,6.74
908,US-2023-156244,2023-08-12,2023-08-16,"Standard Class",DH-13675,"Duane Huffman","Home Office","United States",Miami,Florida,33180,South,OFF-LA-10000443,"Office Supplies",Labels,"Avery 501",2.95,1,0.20,1.00
910,US-2023-156244,2023-08-12,2023-08-16,"Standard Class",DH-13675,"Duane Huffman","Home Office","United States",Miami,Florida,33180,South,OFF-SU-10000432,"Office Supplies",Supplies,"Acco Side-Punched Conventional Columnar Pads",5.55,2,0.20,-1.04
911,US-2023-153927,2023-08-12,2023-08-13,"First Class",LL-16840,"Lauren Leatherbury",Consumer,"United States",Woodstock,Georgia,30188,South,TEC-AC-10000023,Technology,Accessories,"Maxell 74 Minute CD-R Spindle, 50/Pack",272.61,13,0.00,98.14
912,US-2023-156244,2023-08-12,2023-08-16,"Standard Class",DH-13675,"Duane Huffman","Home Office","United States",Miami,Florida,33180,South,TEC-AC-10002473,Technology,Accessories,"Maxell 4.7GB DVD-R",158.93,7,0.20,41.72
913,US-2023-109897,2023-08-12,2023-08-16,"Standard Class",BW-11200,"Ben Wallace",Consumer,"United States","San Francisco",California,94122,West,TEC-PH-10003691,Technology,Phones,"BlackBerry Q10",806.34,8,0.20,50.40
914,US-2023-164406,2023-08-15,2023-08-19,"Standard Class",BD-11605,"Brian Dahlen",Consumer,"United States","San Francisco",California,94122,West,FUR-CH-10003833,Furniture,Chairs,"Novimex Fabric Task Chair",195.14,4,0.20,-12.20
915,US-2023-164406,2023-08-15,2023-08-19,"Standard Class",BD-11605,"Brian Dahlen",Consumer,"United States","San Francisco",California,94122,West,OFF-AP-10003287,"Office Supplies",Appliances,"Tripp Lite TLP810NET Broadband Surge for Modem/Fax",152.91,3,0.00,42.81
916,US-2023-109043,2023-08-15,2023-08-17,"First Class",CS-12355,"Christine Sundaresam",Consumer,"United States",Hollywood,Florida,33021,South,OFF-AP-10004708,"Office Supplies",Appliances,"Fellowes Superior 10 Outlet Split Surge Protector",152.24,5,0.20,17.13
918,US-2023-164406,2023-08-15,2023-08-19,"Standard Class",BD-11605,"Brian Dahlen",Consumer,"United States","San Francisco",California,94122,West,OFF-BI-10002309,"Office Supplies",Binders,"Avery Heavy-Duty EZD  Binder With Locking Rings",17.86,4,0.20,6.25
919,US-2023-138023,2023-08-15,2023-08-18,"First Class",KH-16510,"Keith Herrera",Consumer,"United States",Dallas,Texas,75081,Central,OFF-BI-10003638,"Office Supplies",Binders,"GBC Durable Plastic Covers",30.96,8,0.80,-52.63
920,US-2023-164406,2023-08-15,2023-08-19,"Standard Class",BD-11605,"Brian Dahlen",Consumer,"United States","San Francisco",California,94122,West,OFF-BI-10003638,"Office Supplies",Binders,"GBC Durable Plastic Covers",46.44,3,0.20,15.09
922,US-2023-109043,2023-08-15,2023-08-17,"First Class",CS-12355,"Christine Sundaresam",Consumer,"United States",Hollywood,Florida,33021,South,OFF-PA-10000312,"Office Supplies",Paper,"Xerox 1955",91.36,5,0.20,29.69
923,US-2023-142839,2023-08-16,2023-08-20,"Standard Class",TS-21610,"Troy Staebel",Consumer,"United States",Philadelphia,Pennsylvania,19143,East,FUR-TA-10001539,Furniture,Tables,"Chromcraft Rectangular Conference Tables",853.09,6,0.40,-227.49
924,US-2023-111500,2023-08-17,2023-08-21,"Standard Class",DJ-13510,"Don Jones",Corporate,"United States","Little Rock",Arkansas,72209,South,OFF-BI-10000829,"Office Supplies",Binders,"Avery Non-Stick Binders",17.96,4,0.55,8.26
925,US-2023-111500,2023-08-17,2023-08-21,Unknown,DJ-13510,"Don Jones",Corporate,"United States","Little Rock",Arkansas,72209,South,OFF-FA-10002676,"Office Supplies",Fasteners,"Colored Push Pins",12.67,7,0.00,4.56
926,US-2023-111500,2023-08-17,2023-08-21,"Standard Class",DJ-13510,"Don Jones",Corporate,"United States","Little Rock",Arkansas,72209,South,OFF-PA-10000595,"Office Supplies",Paper,"Xerox 1929",114.20,5,0.00,52.53
928,US-2023-111500,2023-08-17,2023-08-21,Unknown,DJ-13510,"Don Jones",Corporate,"United States","Little Rock",Arkansas,72209,South,TEC-AC-10000844,Technology,Accessories,"Logitech Gaming G510s - Keyboard",339.96,4,0.00,122.39
930,US-2023-133158,2023-08-19,2023-08-21,"Second Class",DW-13195,"David Wiener",Corporate,"United States","Los Angeles",California,90045,West,FUR-FU-10000723,Furniture,Furnishings,"Deflect-o EconoMat Studded, No Bevel Mat for Low Pile Carpeting",289.24,7,0.00,26.03
931,US-2023-121727,2023-08-19,2023-08-24,"Standard Class",JK-15625,"Jim Karlsson",Consumer,"United States",Columbus,Ohio,43229,East,OFF-AR-10004930,"Office Supplies",Art,"Turquoise Lead Holder with Pocket Clip",10.72,2,0.20,1.74
932,US-2023-133158,2023-08-19,2023-08-21,"Second Class",DW-13195,"David Wiener",Corporate,"United States","Los Angeles",California,90045,West,OFF-BI-10000632,"Office Supplies",Binders,"Satellite Sectional Post Binders",69.46,2,0.20,22.57
935,US-2023-164616,2023-08-19,2023-08-21,Unknown,MS-17770,"Maxwell Schwartz",Consumer,"United States",Columbus,Ohio,43229,East,OFF-SU-10004768,"Office Supplies",Supplies,"Acme Kleencut Forged Steel Scissors",9.18,2,0.20,1.15
936,CA-2023-132339,2023-08-19,2023-08-23,"Standard Class",JB-15400,"Jennifer Braxton",Corporate,Canada,Montreal,Quebec,H1B,East,OFF-BI-10003925,"Office Supplies",Binders,"Fellowes PB300 Plastic Comb Binding Machine",19.44,3,0.00,9.33
939,US-2023-166716,2023-08-20,2023-08-25,"Second Class",CR-12730,"Craig Reiter",Consumer,"United States",Chicago,Illinois,60610,Central,FUR-CH-10004495,Furniture,Chairs,"Global Leather and Oak Executive Chair, Black",421.37,2,0.30,-2106.86
942,US-2023-123253,2023-08-22,2023-08-25,"Second Class",DE-13255,"Deanra Eno","Home Office","United States",Lakewood,Ohio,44107,East,OFF-AR-10002804,"Office Supplies",Art,"Faber Castell Col-Erase Pencils",3.91,1,0.20,1.03
944,US-2023-130918,2023-08-22,2023-08-24,"Second Class",JP-15520,"Jeremy Pistek",Consumer,"United States","North Miami",Florida,33161,South,OFF-SU-10003936,"Office Supplies",Supplies,"Acme Serrated Blade Letter Opener",7.63,3,0.20,-1.81
945,US-2023-124737,2023-08-23,2023-08-27,"Standard Class",AP-10915,"Arthur Prichep",Consumer,"United States",Denver,Colorado,80219,West,FUR-FU-10003274,Furniture,Furnishings,"Regeneration Desk Collection",4.22,3,0.20,1.27
946,US-2023-154837,2023-08-23,2023-08-27,"Second Class",RB-19645,"Robert Barroso",Corporate,"United States","Los Angeles",California,90032,West,OFF-BI-10001575,"Office Supplies",Binders,"GBC Linen Binding Covers",49.57,2,0.20,17.35
948,US-2023-124737,2023-08-23,2023-08-27,"Standard Class",AP-10915,"Arthur Prichep",Consumer,"United States",Denver,Colorado,80219,West,OFF-PA-10001125,"Office Supplies",Paper,"Xerox 1988",223.06,9,0.20,69.70
949,US-2023-124737,2023-08-23,2023-08-27,"Standard Class",AP-10915,"Arthur Prichep",Consumer,"United States",Denver,Colorado,80219,West,OFF-PA-10001837,"Office Supplies",Paper,"Xerox 1976",15.55,3,0.20,5.44
950,US-2023-112795,2023-08-23,2023-08-28,Unknown,CR-12625,"Corey Roper","Home Office","United States","Grand Rapids",Michigan,49505,Central,OFF-PA-10001934,"Office Supplies",Paper,"Xerox 1993",19.44,3,0.00,9.53
951,US-2023-110639,2023-08-23,2023-08-23,"Same Day",RH-19495,"Rick Hansen",Consumer,"United States","New York City","New York",10009,East,OFF-PA-10003936,"Office Supplies",Paper,"Xerox 1994",25.92,4,0.00,12.44
952,US-2023-110639,2023-08-23,2023-08-23,"Same Day",RH-19495,"Rick Hansen",Consumer,"United States","New York City","New York",10009,East,OFF-PA-10004530,"Office Supplies",Paper,"Personal Creations Ink Jet Cards and Labels",45.92,4,0.00,22.50
954,US-2023-124737,2023-08-23,2023-08-27,"Standard Class",AP-10915,"Arthur Prichep",Consumer,"United States",Denver,Colorado,80219,West,TEC-PH-10000149,Technology,Phones,"Cisco SPA525G2 IP Phone - Wireless",143.64,9,0.20,10.77
955,US-2023-107916,2023-08-24,2023-08-26,"First Class",JP-15460,"Jennifer Patt",Corporate,"United States",Oceanside,"New York",11572,East,FUR-FU-10004586,Furniture,Furnishings,"G.E. Longer-Life Indoor Recessed Floodlight Bulbs",13.28,2,0.00,6.37
956,US-2023-107916,2023-08-24,2023-08-26,Unknown,JP-15460,"Jennifer Patt",Corporate,"United States",Oceanside,"New York",11572,East,OFF-BI-10001116,"Office Supplies",Binders,"Wilson Jones 1" Hanging DublLock Ring Binders",12.67,3,0.20,4.44
957,US-2023-106719,2023-08-24,2023-08-24,Unknown,RB-19645,"Robert Barroso",Corporate,"United States",Billings,Montana,59102,West,OFF-BI-10002799,"Office Supplies",Binders,"SlimView Poly Binder, 3/8"",8.29,2,0.20,2.69
958,US-2023-120432,2023-08-24,2023-08-26,"Second Class",DW-13585,"Dorothy Wardle",Corporate,"United States",Owensboro,Kentucky,42301,South,OFF-SU-10004661,"Office Supplies",Supplies,"Acme Titanium Bonded Scissors",25.50,3,0.00,6.63
960,US-2023-107398,2023-08-25,2023-08-30,"Standard Class",BS-11590,"Brendan Sweed",Corporate,"United States",Columbus,Ohio,43229,East,OFF-BI-10001982,"Office Supplies",Binders,"Wilson Jones Custom Binder Spines & Labels",6.53,320,0.70,-4.57
962,US-2023-126200,2023-08-25,2023-08-29,"Standard Class",JE-15715,"Joe Elijah",Consumer,"United States",Houston,Texas,77070,Central,OFF-BI-10002133,"Office Supplies",Binders,"Wilson Jones Elliptical Ring 3 1/2" Capacity Binders, 800 sheets",25.68,3,0.80,-39.80
963,US-2023-126200,2023-08-25,2023-08-29,"Standard Class",JE-15715,"Joe Elijah",Consumer,"United States",Houston,Texas,77070,Central,OFF-BI-10002225,"Office Supplies",Binders,"Square Ring Data Binders, Rigid 75 Pt. Covers, 11" x 14-7/8"",12.38,3,0.80,-19.81
964,US-2023-107398,2023-08-25,2023-08-30,"Standard Class",BS-11590,"Brendan Sweed",Corporate,"United States",Columbus,Ohio,43229,East,OFF-BI-10004141,"Office Supplies",Binders,"Insertable Tab Indexes For Data Binders",2.86,3,0.70,-2.29
965,US-2023-115259,2023-08-25,2023-08-27,"Second Class",RC-19960,"Ryan Crowe",Consumer,"United States",Columbus,Ohio,43229,East,OFF-EN-10002504,"Office Supplies",Envelopes,"Tyvek  Top-Opening Peel & Seel Envelopes, Plain White",130.46,6,0.20,44.03
968,US-2023-115259,2023-08-25,2023-08-27,"Second Class",RC-19960,"Ryan Crowe",Consumer,"United States",Columbus,Ohio,43229,East,OFF-PA-10004965,"Office Supplies",Paper,"Xerox 1921",23.98,3,0.20,7.49
969,US-2023-104178,2023-08-25,2023-08-29,"Standard Class",JM-15265,"Janet Molinari",Corporate,"United States","Los Angeles",California,90036,West,OFF-PA-10004983,"Office Supplies",Paper,"Xerox 23",25.92,4,0.00,12.44
973,US-2023-103331,2023-08-26,2023-09-01,"Standard Class",KB-16315,"Karl Braun",Consumer,"United States",Newark,Delaware,19711,East,FUR-FU-10001731,Furniture,Furnishings,"Acrylic Self-Standing Desk Frames",10.68,4,0.00,4.06
974,US-2023-115413,2023-08-26,2023-09-01,"Standard Class",PP-18955,"Paul Prost","Home Office","United States",Newark,Delaware,19711,East,OFF-AR-10003770,"Office Supplies",Art,"Newell 340",8.64,3,0.00,2.51
975,US-2023-103331,2023-08-26,2023-09-01,"Standard Class",KB-16315,"Karl Braun",Consumer,"United States",Newark,Delaware,19711,East,OFF-PA-10002160,"Office Supplies",Paper,"Xerox 1978",17.34,3,0.00,8.50
976,US-2023-103331,2023-08-26,2023-09-01,"Standard Class",KB-16315,"Karl Braun",Consumer,"United States",Newark,Delaware,19711,East,OFF-PA-10002659,"Office Supplies",Paper,"Avoid Verbal Orders Carbonless Minifold Book",3.38,80,0.00,1.55
977,US-2023-123260,2023-08-26,2023-08-30,"Standard Class",FM-14290,"Frank Merwin","Home Office","United States","Los Angeles",California,90032,West,TEC-AC-10002323,Technology,Accessories,"SanDisk Ultra 32 GB MicroSDHC Class 10 Memory Card",176.80,8,0.00,22.98
978,US-2023-115413,2023-08-26,2023-09-01,"Standard Class",PP-18955,"Paul Prost","Home Office","United States",Newark,Delaware,19711,East,TEC-AC-10002800,Technology,Accessories,"Plantronics Audio 478 Stereo USB Headset",149.97,3,0.00,52.49
979,US-2023-124688,2023-08-27,2023-08-29,"First Class",CC-12610,"Corey Catlett",Corporate,"United States",Springfield,Virginia,22153,South,FUR-FU-10002456,Furniture,Furnishings,"Master Caster Door Stop, Large Neon Orange",29.12,4,0.00,12.52
980,US-2023-124688,2023-08-27,2023-08-29,"First Class",CC-12610,"Corey Catlett",Corporate,"United States",Springfield,Virginia,22153,South,FUR-TA-10003569,Furniture,Tables,"Bretford CR8500 Series Meeting Room Furniture",1202.94,3,0.00,300.74
982,US-2023-143336,2023-08-27,2023-09-01,"Second Class",ZD-21925,"Zuschuss Donatelli",Consumer,"United States","San Francisco",California,94109,West,OFF-BI-10002215,"Office Supplies",Binders,"Wilson Jones Hanging View Binder, White, 1"",22.72,4,0.20,7.38
983,US-2023-101266,2023-08-27,2023-08-30,"Second Class",MM-17920,"Michael Moore",Consumer,"United States",Springfield,Virginia,22153,South,OFF-PA-10002986,"Office Supplies",Paper,"Xerox 1898",13.36,2,0.00,6.41
984,US-2023-124688,2023-08-27,2023-08-29,Unknown,CC-12610,"Corey Catlett",Corporate,"United States",Springfield,Virginia,22153,South,TEC-PH-10000455,Technology,Phones,"GE 30522EE2",579.95,5,0.00,168.19
985,US-2023-143336,2023-08-27,2023-09-01,"Second Class",ZD-21925,"Zuschuss Donatelli",Consumer,"United States","San Francisco",California,94109,West,TEC-PH-10001949,Technology,Phones,"Cisco SPA 501G IP Phone",213.48,3,0.20,16.01
986,US-2023-169775,2023-08-29,2023-09-02,Unknown,RA-19945,"Ryan Akin",Consumer,"United States",Miami,Florida,33178,South,FUR-TA-10001857,Furniture,Tables,"Balt Solid Wood Rectangular Table",174.06,3,0.45,-110.76
987,US-2023-169775,2023-08-29,2023-09-02,"Second Class",RA-19945,"Ryan Akin",Consumer,"United States",Miami,Florida,33178,South,OFF-BI-10004390,"Office Supplies",Binders,"GBC DocuBind 200 Manual Binding Machine",505.18,4,0.70,-336.78
988,US-2023-169775,2023-08-29,2023-09-02,"Second Class",RA-19945,"Ryan Akin",Consumer,"United States",Miami,Florida,33178,South,OFF-EN-10001749,"Office Supplies",Envelopes,"Jiffy Padded Mailers with Self-Seal Closure",29.81,2,0.20,10.81
990,US-2023-135699,2023-08-29,2023-08-29,"Same Day",HH-15010,"Hilary Holden",Corporate,"United States","San Francisco",California,94110,West,OFF-PA-10004475,"Office Supplies",Paper,"Xerox 1940",109.92,2,0.00,53.86
991,US-2023-146500,2023-08-30,2023-09-04,"Standard Class",AT-10735,"Annie Thurman",Consumer,"United States",Bristol,Connecticut,6010,East,OFF-BI-10002432,"Office Supplies",Binders,"Wilson Jones Standard D-Ring Binders",25.30,5,0.00,11.89
992,US-2023-146500,2023-08-30,2023-09-04,"Standard Class",AT-10735,"Annie Thurman",Consumer,"United States",Bristol,Connecticut,6010,East,OFF-ST-10000563,"Office Supplies",Storage,"Fellowes Bankers Box Stor/Drawer Steel Plus",95.94,3,0.00,9.59
993,US-2023-143385,2023-08-31,2023-09-05,"Standard Class",SJ-20500,"Shirley Jackson",Consumer,"United States","Santa Fe","New Mexico",87505,West,TEC-AC-10001635,Technology,Accessories,"KeyTronic KT400U2 - Keyboard - Black",92.52,9,0.00,-462.60
996,US-2023-109855,2023-09-01,2023-09-05,"Standard Class",LH-16900,"Lena Hernandez",Consumer,"United States","New York City","New York",10009,East,OFF-BI-10004716,"Office Supplies",Binders,"Wilson Jones Hanging Recycled Pressboard Data Binders",23.74,2,0.20,8.31
997,US-2023-165428,2023-09-01,2023-09-04,"First Class",JL-15130,"Jack Lebron",Consumer,"United States",Houston,Texas,77036,Central,OFF-PA-10004100,"Office Supplies",Paper,"Xerox 216",31.10,6,0.20,10.89
998,US-2023-109855,2023-09-01,2023-09-05,Unknown,LH-16900,"Lena Hernandez",Consumer,"United States","New York City","New York",10009,East,TEC-AC-10002842,Technology,Accessories,"WD My Passport Ultra 2TB Portable External Hard Drive",357.00,3,0.00,57.12
999,US-2023-157721,2023-09-02,2023-09-05,Unknown,JM-16195,"Justin MacKendrick",Consumer,"United States",Watertown,"New York",13601,East,FUR-FU-10002116,Furniture,Furnishings,"Tenex Carpeted, Granite-Look or Clear Contemporary Contour Shape Chair Mats",70.71,1,0.00,4.95
1000,US-2023-157721,2023-09-02,2023-09-05,"First Class",JM-16195,"Justin MacKendrick",Consumer,"United States",Watertown,"New York",13601,East,OFF-AP-10001303,"Office Supplies",Appliances,"Holmes Cool Mist Humidifier for the Whole House with 8-Gallon Output per Day, Extended Life Filter",19.90,1,0.00,8.95
1001,US-2023-138828,2023-09-02,2023-09-03,"First Class",KD-16345,"Katherine Ducich",Consumer,"United States","New York City","New York",10009,East,OFF-AR-10000658,"Office Supplies",Art,"Newell 324",57.75,5,0.00,16.17
1003,US-2023-152268,2023-09-02,2023-09-07,Unknown,SC-20095,"Sanjit Chand",Consumer,"United States",Fayetteville,Arkansas,72701,South,OFF-BI-10001359,"Office Supplies",Binders,"GBC DocuBind TL300 Electric Binding System",1793.98,2,0.00,843.17
1004,US-2023-138828,2023-09-02,2023-09-03,"First Class",KD-16345,"Katherine Ducich",Consumer,"United States","New York City","New York",10009,East,OFF-PA-10000349,"Office Supplies",Paper,"Easy-staple paper",14.94,3,0.55,7.02
1005,US-2023-106971,2023-09-02,2023-09-08,"Standard Class",BM-11785,"Bryan Mills",Consumer,"United States","Buffalo Grove",Illinois,60089,Central,TEC-AC-10000844,Technology,Accessories,"Logitech Gaming G510s - Keyboard",475.94,7,0.20,95.19
1006,US-2023-151792,2023-09-02,2023-09-07,"Second Class",CV-12295,"Christina VanderZanden",Consumer,"United States",Chicago,Illinois,60653,Central,TEC-AC-10001606,Technology,Accessories,"Logitech Wireless Performance Mouse MX for PC and Mac",239.98,3,0.20,53.99
1008,US-2023-120236,2023-09-03,2023-09-04,"First Class",MR-17545,"Mathew Reese","Home Office","United States",Houston,Texas,77095,Central,OFF-BI-10004099,"Office Supplies",Binders,"GBC VeloBinder Strips",7.68,5,0.80,-11.52
1009,US-2023-125171,2023-09-03,2023-09-03,"Same Day",AG-10390,"Allen Goldenen",Consumer,"United States","New York City","New York",10009,East,OFF-LA-10001175,"Office Supplies",Labels,"Avery 514",14.40,5,0.00,7.06
1010,US-2023-136861,2023-09-05,2023-09-07,"First Class",PR-18880,"Patrick Ryan",Consumer,"United States","Saint Petersburg",Florida,33710,South,FUR-FU-10001967,Furniture,Furnishings,"Telescoping Adjustable Floor Lamp",31.98,2,0.20,2.00
1012,US-2023-130449,2023-09-06,2023-09-09,"First Class",VP-21760,"Victoria Pisteka",Corporate,"United States","San Francisco",California,94109,West,FUR-FU-10001487,Furniture,Furnishings,"Eldon Expressions Wood and Plastic Desk Accessories, Cherry Wood",41.88,6,0.00,12.15
1013,US-2023-130449,2023-09-06,2023-09-09,"First Class",VP-21760,"Victoria Pisteka",Corporate,"United States","San Francisco",California,94109,West,OFF-LA-10001934,"Office Supplies",Labels,"Avery 516",58.48,8,0.00,27.49
1014,US-2023-117765,2023-09-07,2023-09-13,"Standard Class",RB-19465,"Rick Bensley","Home Office","United States",Tulsa,Oklahoma,74133,Central,FUR-CH-10004698,Furniture,Chairs,"Padded Folding Chairs, Black, 4/Carton",161.96,2,0.00,45.35
1016,US-2023-131002,2023-09-07,2023-09-12,"Second Class",TB-21400,"Tom Boeckenhauer",Consumer,"United States",Tulsa,Oklahoma,74133,Central,FUR-FU-10004270,Furniture,Furnishings,"Executive Impressions 13" Clairmont Wall Clock",57.69,3,0.00,23.65
1017,US-2023-131002,2023-09-07,2023-09-12,"Second Class",TB-21400,"Tom Boeckenhauer",Consumer,"United States",Tulsa,Oklahoma,74133,Central,FUR-FU-10004665,Furniture,Furnishings,"3M Polarizing Task Lamp with Clamp Arm, Light Gray",821.88,6,0.00,213.69
1018,US-2023-117765,2023-09-07,2023-09-13,"Standard Class",RB-19465,"Rick Bensley","Home Office","United States",Tulsa,Oklahoma,74133,Central,FUR-TA-10001039,Furniture,Tables,"KI Adjustable-Height Table",429.90,5,0.00,111.77
1024,US-2023-126193,2023-09-07,2023-09-14,"Standard Class",SS-20410,"Shahid Shariari",Consumer,"United States",Oswego,Illinois,60543,Central,OFF-BI-10001249,"Office Supplies",Binders,"Avery Heavy-Duty EZD View Binder with Locking Rings",3.83,3,0.80,-6.51
1025,US-2023-109918,2023-09-07,2023-09-12,"Second Class",LR-17035,"Lisa Ryan",Corporate,"United States","Santa Clara",California,95051,West,OFF-BI-10004308,"Office Supplies",Binders,"Avery Legal 4-Ring Binder",83.92,5,0.20,31.47
1026,US-2023-126193,2023-09-07,2023-09-14,"Standard Class",SS-20410,"Shahid Shariari",Consumer,"United States",Oswego,Illinois,60543,Central,OFF-BI-10004632,"Office Supplies",Binders,"Ibico Hi-Tech Manual Binding System",304.99,5,0.80,-533.73
1029,US-2023-131002,2023-09-07,2023-09-12,"Second Class",TB-21400,"Tom Boeckenhauer",Consumer,"United States",Tulsa,Oklahoma,74133,Central,OFF-PA-10000223,"Office Supplies",Paper,"Xerox 2000",12.96,2,0.00,6.22
1030,US-2023-122882,2023-09-07,2023-09-13,"Standard Class",SB-20290,"Sean Braxton",Corporate,"United States",Philadelphia,Pennsylvania,19134,East,OFF-ST-10002344,"Office Supplies",Storage,"Carina 42"Hx23 3/4"W Media Storage Unit",64.78,1,0.20,-14.58
1032,US-2023-109918,2023-09-07,2023-09-12,"Second Class",LR-17035,"Lisa Ryan",Corporate,"United States","Santa Clara",California,95051,West,OFF-SU-10004290,"Office Supplies",Supplies,"Acme Design Line 8" Stainless Steel Bent Scissors w/Champagne Handles, 3-1/8" Cut",27.36,4,0.00,7.39
1033,US-2023-105165,2023-09-07,2023-09-10,"First Class",SZ-20035,"Sam Zeldin","Home Office","United States",Houston,Texas,77036,Central,TEC-AC-10002718,Technology,Accessories,"Belkin Standard 104 key USB Keyboard",46.69,4,0.20,-2.92
1034,US-2023-122882,2023-09-07,2023-09-13,"Standard Class",SB-20290,"Sean Braxton",Corporate,"United States",Philadelphia,Pennsylvania,19134,East,TEC-MA-10004679,Technology,Machines,"StarTech.com 10/100 VDSL2 Ethernet Extender Kit",399.54,4,0.70,-559.36
1036,US-2023-105165,2023-09-07,2023-09-10,"First Class",SZ-20035,"Sam Zeldin","Home Office","United States",Houston,Texas,77036,Central,TEC-PH-10000675,Technology,Phones,"Panasonic KX TS3282B Corded phone",196.78,3,0.20,14.76
1037,US-2023-100006,2023-09-07,2023-09-13,"Standard Class",DK-13375,"Dennis Kane",Consumer,"United States","New York City","New York",10024,East,TEC-PH-10002075,Technology,Phones,"AT&T EL51110 DECT",377.97,3,0.00,109.61
1038,US-2023-122882,2023-09-07,2023-09-13,"Standard Class",SB-20290,"Sean Braxton",Corporate,"United States",Philadelphia,Pennsylvania,19134,East,TEC-PH-10003589,Technology,Phones,"invisibleSHIELD by ZAGG Smudge-Free Screen Protector",32.38,3,0.40,4.32
1039,US-2023-107818,2023-09-08,2023-09-14,"Standard Class",MC-17275,"Marc Crier",Consumer,"United States",Pasco,Washington,99301,West,FUR-CH-10000454,Furniture,Chairs,"Hon Deluxe Fabric Upholstered Stacking Chairs, Rounded Back",975.92,5,0.20,121.99
1040,US-2023-139892,2023-09-08,2023-09-12,"Standard Class",BM-11140,"Becky Martin",Consumer,"United States","San Antonio",Texas,78207,Central,FUR-CH-10004287,Furniture,Chairs,"SAFCO Arco Folding Chair",1740.06,9,0.30,-24.86
1041,US-2023-146283,2023-09-08,2023-09-15,"Standard Class",KT-16465,"Kean Takahito",Consumer,"United States",Houston,Texas,77036,Central,FUR-CH-10004287,Furniture,Chairs,"SAFCO Arco Folding Chair",966.70,5,0.30,-13.81
1042,US-2023-146815,2023-09-08,2023-09-13,"Standard Class",PP-18955,"Paul Prost","Home Office","United States","New York City","New York",10009,East,FUR-CH-10004289,Furniture,Chairs,"Global Super Steno Chair",172.76,2,0.10,13.44
1043,US-2023-123127,2023-09-08,2023-09-12,"Standard Class",SP-20620,"Stefania Perrino",Corporate,"United States","Long Beach","New York",11561,East,OFF-AP-10001962,"Office Supplies",Appliances,"Black & Decker Filter for Double Action Dustbuster Cordless Vac BLDV7210",16.78,2,0.00,4.20
1044,US-2023-139892,2023-09-08,2023-09-12,"Standard Class",BM-11140,"Becky Martin",Consumer,"United States","San Antonio",Texas,78207,Central,OFF-AP-10002518,"Office Supplies",Appliances,"Kensington 7 Outlet MasterPiece Power Center",177.98,5,0.80,-453.85
1045,US-2023-168592,2023-09-08,2023-09-14,"Standard Class",DP-13390,"Dennis Pardue","Home Office","United States","San Francisco",California,94110,West,OFF-AP-10004785,"Office Supplies",Appliances,"Holmes Replacement Filter for HEPA Air Cleaner, Medium Room",56.65,5,0.00,24.36
1046,US-2023-107818,2023-09-08,2023-09-14,"Standard Class",MC-17275,"Marc Crier",Consumer,"United States",Pasco,Washington,99301,West,OFF-AR-10000380,"Office Supplies",Art,"Hunt PowerHouse Electric Pencil Sharpener, Blue",303.84,8,0.00,91.15
1048,US-2023-107818,2023-09-08,2023-09-14,"Standard Class",MC-17275,"Marc Crier",Consumer,"United States",Pasco,Washington,99301,West,OFF-AR-10003045,"Office Supplies",Art,"Prang Colored Pencils",5.88,2,0.00,2.65
1049,US-2023-146815,2023-09-08,2023-09-13,"Standard Class",PP-18955,"Paul Prost","Home Office","United States","New York City","New York",10009,East,OFF-AR-10003469,"Office Supplies",Art,"Nontoxic Chalk",3.52,2,0.00,1.69
1050,US-2023-139892,2023-09-08,2023-09-12,"Standard Class",BM-11140,"Becky Martin",Consumer,"United States","San Antonio",Texas,78207,Central,OFF-AR-10004441,"Office Supplies",Art,"BIC Brite Liner Highlighters",9.94,3,0.20,2.73
1051,US-2023-140032,2023-09-08,2023-09-13,"Standard Class",TS-21340,"Toby Swindell",Consumer,"United States","San Francisco",California,94109,West,OFF-BI-10000822,"Office Supplies",Binders,"Acco PRESSTEX Data Binder with Storage Hooks, Light Blue, 9 1/2" X 11"",8.61,2,0.20,3.01
1052,US-2023-115987,2023-09-08,2023-09-13,"Second Class",LH-17020,"Lisa Hazard",Consumer,"United States",Tyler,Texas,75701,Central,OFF-BI-10001071,"Office Supplies",Binders,"GBC ProClick Punch Binding System",51.18,4,0.80,-79.34
1054,US-2023-168592,2023-09-08,2023-09-14,"Standard Class",DP-13390,"Dennis Pardue","Home Office","United States","San Francisco",California,94110,West,OFF-FA-10002988,"Office Supplies",Fasteners,"Ideal Clamps",4.02,2,0.00,1.97
1055,US-2023-146283,2023-09-08,2023-09-15,"Standard Class",KT-16465,"Kean Takahito",Consumer,"United States",Houston,Texas,77036,Central,OFF-PA-10000482,"Office Supplies",Paper,"Snap-A-Way Black Print Carbonless Ruled Speed Letter, Triplicate",182.11,6,0.20,61.46
1056,US-2023-146283,2023-09-08,2023-09-15,"Standard Class",KT-16465,"Kean Takahito",Consumer,"United States",Houston,Texas,77036,Central,OFF-PA-10002259,"Office Supplies",Paper,"Geographics Note Cards, Blank, White, 8 1/2" x 11"",17.90,2,0.20,6.27
1058,US-2023-139892,2023-09-08,2023-09-12,"Standard Class",BM-11140,"Becky Martin",Consumer,"United States","San Antonio",Texas,78207,Central,OFF-ST-10000991,"Office Supplies",Storage,"Space Solutions HD Industrial Steel Shelving.",275.93,3,0.20,-58.63
1059,US-2023-168592,2023-09-08,2023-09-14,"Standard Class",DP-13390,"Dennis Pardue","Home Office","United States","San Francisco",California,94110,West,OFF-ST-10002406,"Office Supplies",Storage,"Pizazz Global Quick File",14.97,1,0.00,4.19
1060,US-2023-163293,2023-09-08,2023-09-11,Unknown,KC-16255,"Karen Carlisle",Corporate,"United States",Macon,Georgia,31204,South,TEC-AC-10000023,Technology,Accessories,"Maxell 74 Minute CD-R Spindle, 50/Pack",83.88,4,0.00,30.20
1062,US-2023-163293,2023-09-08,2023-09-11,"First Class",KC-16255,"Karen Carlisle",Corporate,"United States",Macon,Georgia,31204,South,TEC-AC-10004209,Technology,Accessories,"Memorex Froggy Flash Drive 4 GB",32.97,3,0.00,12.86
1064,US-2023-139892,2023-09-08,2023-09-12,Unknown,BM-11140,"Becky Martin",Consumer,"United States","San Antonio",Texas,78207,Central,TEC-MA-10000822,Technology,Machines,"Lexmark MX611dhe Monochrome Laser Printer",8159.95,8,0.40,-1359.99
1065,US-2023-139892,2023-09-08,2023-09-12,"Standard Class",BM-11140,"Becky Martin",Consumer,"United States","San Antonio",Texas,78207,Central,TEC-PH-10003931,Technology,Phones,"JBL Micro Wireless Portable Bluetooth Speaker",143.98,3,0.20,9.00
1066,US-2023-126403,2023-09-09,2023-09-12,"Second Class",RR-19525,"Rick Reed",Corporate,"United States",Lowell,Massachusetts,1852,East,FUR-CH-10003761,Furniture,Chairs,"Global Italian Leather Office Chair",785.88,6,0.00,212.19
1067,US-2023-102869,2023-09-09,2023-09-14,Unknown,LC-17140,"Logan Currie",Consumer,"United States",Philadelphia,Pennsylvania,19140,East,FUR-FU-10002456,Furniture,Furnishings,"Master Caster Door Stop, Large Neon Orange",17.47,3,0.20,5.02
1068,US-2023-131870,2023-09-09,2023-09-11,"First Class",NF-18595,"Nicole Fjeld","Home Office","United States",Lancaster,Ohio,43130,East,FUR-FU-10002501,Furniture,Furnishings,"Nu-Dell Executive Frame",60.67,480,0.20,12.89
1070,US-2023-144407,2023-09-09,2023-09-15,"Standard Class",MS-17365,"Maribeth Schnelling",Consumer,"United States",Detroit,Michigan,48227,Central,OFF-LA-10003923,"Office Supplies",Labels,"Alphabetical Labels for Top Tab Filing",103.60,7,0.00,51.80
1071,US-2023-102869,2023-09-09,2023-09-14,"Second Class",LC-17140,"Logan Currie",Consumer,"United States",Philadelphia,Pennsylvania,19140,East,OFF-PA-10000788,"Office Supplies",Paper,"Xerox 210",15.55,3,0.20,5.44
1073,US-2023-103527,2023-09-09,2023-09-14,"Second Class",CC-12220,"Chris Cortes",Consumer,"United States",Chicago,Illinois,60653,Central,OFF-PA-10001622,"Office Supplies",Paper,"Ampad Poly Cover Wirebound Steno Book, 6" x 9" Assorted Colors, Gregg Ruled",10.90,3,0.20,3.40
1075,US-2023-126403,2023-09-09,2023-09-12,"Second Class",RR-19525,"Rick Reed",Corporate,"United States",Lowell,Massachusetts,1852,East,OFF-ST-10000078,"Office Supplies",Storage,"Tennsco 6- and 18-Compartment Lockers",1325.85,5,0.00,238.65
1076,US-2023-102869,2023-09-09,2023-09-14,"Second Class",LC-17140,"Logan Currie",Consumer,"United States",Philadelphia,Pennsylvania,19140,East,TEC-AC-10002134,Technology,Accessories,"Rosewill 107 Normal Keys USB Wired Standard Keyboard",64.70,6,0.20,-4.85
1080,US-2023-113383,2023-09-10,2023-09-13,"First Class",SF-20065,"Sandra Flanagan",Consumer,"United States",Clifton,"New Jersey",7011,East,FUR-FU-10001986,Furniture,Furnishings,"Dana Fluorescent Magnifying Lamp, White, 36"",254.90,5,0.00,76.47
1081,US-2023-113383,2023-09-10,2023-09-13,"First Class",SF-20065,"Sandra Flanagan",Consumer,"United States",Clifton,"New Jersey",7011,East,OFF-AP-10004532,"Office Supplies",Appliances,"Kensington 6 Outlet Guardian Standard Surge Protector",81.92,4,0.00,22.12
1082,US-2023-138835,2023-09-10,2023-09-14,"Standard Class",DA-13450,"Dianna Arnett","Home Office","United States","Virginia Beach",Virginia,23464,South,OFF-BI-10003314,"Office Supplies",Binders,"Tuff Stuff Recycled Round Ring Binders",9.64,2,0.00,4.72
1083,US-2023-125731,2023-09-10,2023-09-16,"Standard Class",CL-12565,"Clay Ludtke",Consumer,"United States",Gresham,Oregon,97030,West,OFF-EN-10003072,"Office Supplies",Envelopes,"Peel & Seel Envelopes",21.73,7,0.20,7.60
1084,CA-2023-126438,2023-09-10,2023-09-13,"First Class",AR-10345,"Alex Russell",Corporate,Canada,Montreal,Quebec,H1C,East,OFF-AR-10003338,"Office Supplies",Art,"Eberhard Faber 3 1/2" Golf Pencils",14.88,2,0.00,3.72
1086,US-2023-116246,2023-09-12,2023-09-17,Unknown,LW-17215,"Luke Weiss",Consumer,"United States","New York City","New York",10035,East,FUR-CH-10002024,Furniture,Chairs,"HON 5400 Series Task Chairs for Big and Tall",3785.29,6,0.10,420.59
1087,US-2023-119081,2023-09-12,2023-09-19,"Standard Class",TA-21385,"Tom Ashbrook","Home Office","United States",Olathe,Kansas,66062,Central,FUR-FU-10003464,Furniture,Furnishings,"Seth Thomas 8 1/2" Cubicle Clock",40.56,2,0.00,12.98
1089,US-2023-103702,2023-09-12,2023-09-17,"Standard Class",AF-10885,"Art Foster",Consumer,"United States",Fairfield,Ohio,45014,East,OFF-BI-10002429,"Office Supplies",Binders,"Premier Elliptical Ring Binder, Black",63.92,7,0.70,-46.88
1090,US-2023-150924,2023-09-12,2023-09-16,"Second Class",PT-19090,"Pete Takahito",Consumer,"United States",Houston,Texas,77070,Central,OFF-BI-10004040,"Office Supplies",Binders,"Wilson Jones Impact Binders",5.18,5,0.80,-8.03
1092,US-2023-138527,2023-09-12,2023-09-17,"Standard Class",BN-11470,"Brad Norvell",Corporate,"United States",Cary,"North Carolina",27511,South,OFF-PA-10001800,"Office Supplies",Paper,"Xerox 220",10.37,2,0.20,3.63
1094,US-2023-119081,2023-09-12,2023-09-19,"Standard Class",TA-21385,"Tom Ashbrook","Home Office","United States",Olathe,Kansas,66062,Central,TEC-AC-10001542,Technology,Accessories,"SanDisk Cruzer 16 GB USB Flash Drive",57.40,5,0.00,10.91
1095,US-2023-138527,2023-09-12,2023-09-17,"Standard Class",BN-11470,"Brad Norvell",Corporate,"United States",Cary,"North Carolina",27511,South,TEC-AC-10002399,Technology,Accessories,"SanDisk Cruzer 32 GB USB Flash Drive",15.22,1,0.20,2.28
1096,US-2023-101476,2023-09-12,2023-09-13,"First Class",SD-20485,"Shirley Daniels","Home Office","United States","New Rochelle","New York",10801,East,TEC-MA-10000029,Technology,Machines,"Epson WorkForce WF-2530 All-in-One Printer, Copier Scanner",69.99,1,0.00,30.10
1097,US-2023-113859,2023-09-13,2023-09-17,"Standard Class",BC-11125,"Becky Castell","Home Office","United States",Odessa,Texas,79762,Central,FUR-CH-10004698,Furniture,Chairs,"Padded Folding Chairs, Black, 4/Carton",340.12,6,0.30,-9.72
1098,US-2023-142769,2023-09-13,2023-09-13,"Same Day",RP-19390,"Resi Pölking",Consumer,"United States",Seattle,Washington,98103,West,FUR-FU-10001918,Furniture,Furnishings,"C-Line Cubicle Keepers Polyproplyene Holder With Velcro Backings",14.19,3,0.00,5.53
1099,US-2023-142769,2023-09-13,2023-09-13,"Same Day",RP-19390,"Resi Pölking",Consumer,"United States",Seattle,Washington,98103,West,OFF-AP-10004785,"Office Supplies",Appliances,"Holmes Replacement Filter for HEPA Air Cleaner, Medium Room",22.66,2,0.00,9.74
1100,US-2023-145212,2023-09-13,2023-09-19,"Standard Class",DC-12850,"Dan Campbell",Consumer,"United States","New York City","New York",10011,East,OFF-AR-10002833,"Office Supplies",Art,"Newell 322",5.46,3,0.00,1.47
1101,US-2023-156216,2023-09-13,2023-09-17,"Standard Class",EA-14035,"Erin Ashbrook",Corporate,"United States",Charlotte,"North Carolina",28205,South,OFF-BI-10001679,"Office Supplies",Binders,"GBC Instant Index System for Binding Systems",18.65,7,0.70,-12.43
1102,US-2023-126277,2023-09-13,2023-09-18,Unknown,LH-16900,"Lena Hernandez",Consumer,"United States",Columbus,Ohio,43229,East,OFF-BI-10004022,"Office Supplies",Binders,"Acco Suede Grain Vinyl Round Ring Binder",2.50,3,0.70,-2.00
1103,US-2023-142769,2023-09-13,2023-09-13,"Same Day",RP-19390,"Resi Pölking",Consumer,"United States",Seattle,Washington,98103,West,OFF-FA-10000840,"Office Supplies",Fasteners,"OIC Thumb-Tacks",5.70,5,0.00,2.68
1104,US-2023-142769,2023-09-13,2023-09-13,"Same Day",RP-19390,"Resi Pölking",Consumer,"United States",Seattle,Washington,98103,West,OFF-PA-10002923,"Office Supplies",Paper,"Xerox 1942",48.94,1,0.00,24.47
1105,US-2023-132962,2023-09-13,2023-09-16,"First Class",JM-15535,"Jessica Myrick",Consumer,"United States",Philadelphia,Pennsylvania,19143,East,OFF-PA-10003543,"Office Supplies",Paper,"Xerox 1985",15.55,3,0.20,5.44
1106,US-2023-140039,2023-09-13,2023-09-17,"Standard Class",ON-18715,"Odella Nelson",Corporate,"United States",Tempe,Arizona,85281,West,OFF-ST-10001034,"Office Supplies",Storage,"Eldon File Chest Portable File",79.40,5,0.20,5.96
1107,US-2023-142769,2023-09-13,2023-09-13,"Same Day",RP-19390,"Resi Pölking",Consumer,"United States",Seattle,Washington,98103,West,OFF-SU-10001574,"Office Supplies",Supplies,"Acme Value Line Scissors",7.30,2,0.00,2.19
1111,US-2023-132962,2023-09-13,2023-09-16,Unknown,JM-15535,"Jessica Myrick",Consumer,"United States",Philadelphia,Pennsylvania,19143,East,TEC-AC-10004353,Technology,Accessories,"Hypercom P1300 Pinpad",252.00,5,0.20,53.55
1114,US-2023-145576,2023-09-14,2023-09-18,"Second Class",CA-12775,"Cynthia Arntzen",Consumer,"United States",Tampa,Florida,33614,South,FUR-FU-10004020,Furniture,Furnishings,"Advantus Panel Wall Acrylic Frame",13.13,3,0.20,3.77
1115,US-2023-160766,2023-09-14,2023-09-14,Unknown,DM-13015,"Darrin Martin",Consumer,"United States","New York City","New York",10009,East,FUR-TA-10001039,Furniture,Tables,"KI Adjustable-Height Table",464.29,9,0.40,-108.33
1116,US-2023-100853,2023-09-14,2023-09-19,Unknown,JB-15400,"Jennifer Braxton",Corporate,"United States",Chicago,Illinois,60623,Central,OFF-AP-10000891,"Office Supplies",Appliances,"Kensington 7 Outlet MasterPiece HOMEOFFICE Power Control Center",52.45,2,0.80,-131.12
1117,US-2023-160766,2023-09-14,2023-09-14,"Same Day",DM-13015,"Darrin Martin",Consumer,"United States","New York City","New York",10009,East,OFF-AP-10002945,"Office Supplies",Appliances,"Honeywell Enviracaire Portable HEPA Air Cleaner for 17' x 22' Room",601.30,2,0.00,198.43
1119,US-2023-127635,2023-09-14,2023-09-18,Unknown,SC-20260,"Scott Cohen",Corporate,"United States","Corpus Christi",Texas,78415,Central,OFF-BI-10001721,"Office Supplies",Binders,"Trimflex Flexible Post Binders",8.55,2,0.80,-13.68
1120,US-2023-159184,2023-09-14,2023-09-19,"Standard Class",JC-15775,"John Castell",Consumer,"United States",Macon,Georgia,31204,South,OFF-BI-10001890,"Office Supplies",Binders,"Avery Poly Binder Pockets",7.16,2,0.00,3.44
1121,US-2023-160766,2023-09-14,2023-09-14,"Same Day",DM-13015,"Darrin Martin",Consumer,"United States","New York City","New York",10009,East,OFF-EN-10001099,"Office Supplies",Envelopes,"Staple envelope",68.46,7,0.00,31.49
1126,US-2023-127635,2023-09-14,2023-09-18,"Second Class",SC-20260,"Scott Cohen",Corporate,"United States","Corpus Christi",Texas,78415,Central,OFF-PA-10004610,"Office Supplies",Paper,"Xerox 1900",6.85,2,0.20,2.14
1127,US-2023-113362,2023-09-14,2023-09-19,"Standard Class",AJ-10960,"Astrea Jones",Consumer,"United States",Rochester,"New York",14609,East,OFF-ST-10001809,"Office Supplies",Storage,"Fellowes Officeware Wire Shelving",449.15,5,0.00,8.98
1128,US-2023-160766,2023-09-14,2023-09-14,"Same Day",DM-13015,"Darrin Martin",Consumer,"United States","New York City","New York",10009,East,TEC-MA-10003979,Technology,Machines,"Ativa V4110MDD Micro-Cut Shredder",2799.96,4,0.00,1371.98
1129,US-2023-160766,2023-09-14,2023-09-14,"Same Day",DM-13015,"Darrin Martin",Consumer,"United States","New York City","New York",10009,East,TEC-PH-10000526,Technology,Phones,"Vtech CS6719",287.97,3,0.00,80.63
1130,US-2023-160766,2023-09-14,2023-09-14,"Same Day",DM-13015,"Darrin Martin",Consumer,"United States","New York City","New York",10009,East,TEC-PH-10001536,Technology,Phones,"Spigen Samsung Galaxy S5 Case Wallet",16.99,1,0.00,4.42
1131,US-2023-149594,2023-09-15,2023-09-19,"Standard Class",MF-18250,"Monica Federle",Corporate,"United States",Philadelphia,Pennsylvania,19120,East,FUR-FU-10000222,Furniture,Furnishings,"Seth Thomas 16" Steel Case Clock",103.94,4,0.20,16.89
1134,US-2023-141152,2023-09-16,2023-09-19,"First Class",RF-19345,"Randy Ferguson",Corporate,"United States","New York City","New York",10024,East,OFF-BI-10002931,"Office Supplies",Binders,"Avery Trapezoid Extra Heavy Duty 4" Binders",33.55,80,0.20,12.58
1135,US-2023-103940,2023-09-17,2023-09-21,"Standard Class",BN-11515,"Bradley Nguyen",Consumer,"United States",Seattle,Washington,98103,West,FUR-FU-10004671,Furniture,Furnishings,"Executive Impressions 12" Wall Clock",35.34,2,0.00,13.43
1136,US-2023-131947,2023-09-17,2023-09-22,"Standard Class",JA-15970,"Joseph Airdo",Consumer,"United States",Springfield,Oregon,97477,West,OFF-AR-10000411,"Office Supplies",Art,"Boston 16701 Slimline Battery Pencil Sharpener",38.26,3,0.20,4.78
1138,US-2023-103940,2023-09-17,2023-09-21,"Standard Class",BN-11515,"Bradley Nguyen",Consumer,"United States",Seattle,Washington,98103,West,OFF-BI-10002735,"Office Supplies",Binders,"GBC Prestige Therm-A-Bind Covers",137.24,5,0.20,46.32
1139,US-2023-158638,2023-09-17,2023-09-21,"Standard Class",AG-10765,"Anthony Garverick","Home Office","United States",Philadelphia,Pennsylvania,19120,East,OFF-BI-10003712,"Office Supplies",Binders,"Acco Pressboard Covers with Storage Hooks, 14 7/8" x 11", Light Blue",5.89,4,0.70,-4.12
1141,US-2023-131947,2023-09-17,2023-09-22,"Standard Class",JA-15970,"Joseph Airdo",Consumer,"United States",Springfield,Oregon,97477,West,OFF-PA-10000246,"Office Supplies",Paper,"Riverleaf Stik-Withit Designer Note Cubes",40.24,5,0.20,13.08
1142,US-2023-117170,2023-09-17,2023-09-24,"Standard Class",KT-16465,"Kean Takahito",Consumer,"United States",Raleigh,"North Carolina",27604,South,OFF-PA-10000682,"Office Supplies",Paper,"Xerox 1924",4.62,1,0.20,1.68
1144,US-2023-103940,2023-09-17,2023-09-21,"Standard Class",BN-11515,"Bradley Nguyen",Consumer,"United States",Seattle,Washington,98103,West,OFF-ST-10000943,"Office Supplies",Storage,"Eldon ProFile File 'N Store Portable File Tub Letter/Legal Size Black",57.93,3,0.00,16.22
1145,US-2023-103940,2023-09-17,2023-09-21,"Standard Class",BN-11515,"Bradley Nguyen",Consumer,"United States",Seattle,Washington,98103,West,OFF-ST-10004963,"Office Supplies",Storage,"Eldon Gobal File Keepers",30.28,2,0.00,1.21
1147,US-2023-131947,2023-09-17,2023-09-22,"Standard Class",JA-15970,"Joseph Airdo",Consumer,"United States",Springfield,Oregon,97477,West,TEC-AC-10004633,Technology,Accessories,"Verbatim 25 GB 6x Blu-ray Single Layer Recordable Disc, 3/Pack",55.92,10,0.20,16.78
1149,US-2023-168130,2023-09-19,2023-09-19,"Same Day",BS-11365,"Bill Shonely",Corporate,"United States","New York City","New York",10011,East,FUR-CH-10000988,Furniture,Chairs,"Hon Olson Stacker Stools",887.10,7,0.10,177.42
1151,US-2023-159849,2023-09-19,2023-09-19,"Same Day",JK-15640,"Jim Kriz","Home Office","United States","San Francisco",California,94110,West,OFF-FA-10000053,"Office Supplies",Fasteners,"Revere Boxed Rubber Bands by Revere",5.67,3,0.00,0.11
1152,US-2023-156601,2023-09-19,2023-09-24,"Standard Class",FA-14230,"Frank Atkinson",Corporate,"United States","Long Beach",California,90805,West,OFF-FA-10000624,"Office Supplies",Fasteners,"OIC Binder Clips",7.16,2,0.00,3.58
1153,US-2023-132787,2023-09-19,2023-09-23,"Standard Class",MC-18130,"Mike Caudle",Corporate,"United States",Seattle,Washington,98115,West,OFF-ST-10001321,"Office Supplies",Storage,"Decoflex Hanging Personal Folder File, Blue",92.52,6,0.00,24.98
1154,US-2023-127299,2023-09-19,2023-09-24,"Standard Class",JL-15835,"John Lee",Consumer,"United States",Charlotte,"North Carolina",28205,South,OFF-ST-10003722,"Office Supplies",Storage,"Project Tote Personal File",67.34,6,0.20,7.58
1155,US-2023-106992,2023-09-19,2023-09-21,"Second Class",SB-20290,"Sean Braxton",Corporate,"United States",Houston,Texas,77036,Central,TEC-MA-10000822,Technology,Machines,"Lexmark MX611dhe Monochrome Laser Printer",3059.98,3,0.40,-510.00
1158,US-2023-166744,2023-09-20,2023-09-24,"Standard Class",DN-13690,"Duane Noonan",Consumer,"United States",Columbia,Maryland,21044,East,FUR-BO-10001337,Furniture,Bookcases,"O'Sullivan Living Dimensions 2-Shelf Bookcases",362.94,3,0.00,36.29
1159,US-2023-125997,2023-09-20,2023-09-23,"First Class",MW-18220,"Mitch Webber",Consumer,"United States","New York City","New York",10011,East,FUR-BO-10002213,Furniture,Bookcases,"DMI Eclipse Executive Suite Bookcases",801.57,2,0.20,-10.02
1160,US-2023-120411,2023-09-20,2023-09-23,"First Class",SB-20185,"Sarah Brown",Consumer,"United States",Chicago,Illinois,60653,Central,FUR-BO-10004218,Furniture,Bookcases,"Bush Heritage Pine Collection 5-Shelf Bookcase, Albany Pine Finish, *Special Order",493.43,5,0.30,-70.49
1162,US-2023-166744,2023-09-20,2023-09-24,"Standard Class",DN-13690,"Duane Noonan",Consumer,"United States",Columbia,Maryland,21044,East,FUR-FU-10004952,Furniture,Furnishings,"C-Line Cubicle Keepers Polyproplyene Holder w/Velcro Back, 8-1/2x11, 25/Bx",164.22,3,0.00,50.91
1163,US-2023-134614,2023-09-20,2023-09-25,Unknown,PF-19165,"Philip Fox",Consumer,"United States",Bloomington,Illinois,61701,Central,FUR-TA-10004534,Furniture,Tables,"Bevis 44 x 96 Conference Tables",617.70,6,0.50,-407.68
1165,US-2023-125997,2023-09-20,2023-09-23,"First Class",MW-18220,"Mitch Webber",Consumer,"United States","New York City","New York",10011,East,OFF-AP-10003842,"Office Supplies",Appliances,"Euro-Pro Shark Turbo Vacuum",30.98,1,0.00,8.05
1166,US-2023-151953,2023-09-20,2023-09-25,"Standard Class",DB-13555,"Dorothy Badders",Corporate,"United States",Jacksonville,Florida,32216,South,OFF-AR-10003469,"Office Supplies",Art,"Nontoxic Chalk",2.82,2,0.20,0.99
1167,US-2023-133704,2023-09-20,2023-09-26,"Standard Class",MA-17995,"Michelle Arnett","Home Office","United States","Los Angeles",California,90004,West,OFF-BI-10001636,"Office Supplies",Binders,"Ibico Plastic and Wire Spiral Binding Combs",20.23,3,0.20,6.58
1168,US-2023-156433,2023-09-20,2023-09-26,Unknown,ES-14020,"Erica Smith",Consumer,"United States","San Francisco",California,94110,West,OFF-LA-10001569,"Office Supplies",Labels,"Avery 499",9.96,2,0.00,4.58
1170,US-2023-156433,2023-09-20,2023-09-26,"Standard Class",ES-14020,"Erica Smith",Consumer,"United States","San Francisco",California,94110,West,OFF-PA-10003724,"Office Supplies",Paper,"Wirebound Message Book, 4 per Page",21.72,4,0.00,10.64
1172,US-2023-166744,2023-09-20,2023-09-24,"Standard Class",DN-13690,"Duane Noonan",Consumer,"United States",Columbia,Maryland,21044,East,TEC-AC-10003628,Technology,Accessories,"Logitech 910-002974 M325 Wireless Mouse for Web Scrolling",59.98,2,0.00,26.39
1173,US-2023-120411,2023-09-20,2023-09-23,"First Class",SB-20185,"Sarah Brown",Consumer,"United States",Chicago,Illinois,60653,Central,TEC-PH-10002185,Technology,Phones,"QVS USB Car Charger 2-Port 2.1Amp for iPod/iPhone/iPad/iPad 2/iPad 3",11.12,2,0.20,3.47
1174,US-2023-125997,2023-09-20,2023-09-23,"First Class",MW-18220,"Mitch Webber",Consumer,"United States","New York City","New York",10011,East,TEC-PH-10003072,Technology,Phones,"Panasonic KX-TG9541B DECT 6.0 Digital 2-Line Expandable Cordless Phone With Digital Answering System",1349.91,9,0.00,661.46
1175,US-2023-125997,2023-09-20,2023-09-23,"First Class",MW-18220,"Mitch Webber",Consumer,"United States","New York City","New York",10011,East,TEC-PH-10003484,Technology,Phones,"Ooma Telo VoIP Home Phone System",629.95,5,0.00,157.49
1176,CA-2023-153738,2023-09-20,2023-09-22,Unknown,AG-10270,"Alejandro Grove",Consumer,Canada,Toronto,Ontario,M2N,East,OFF-BI-10001308,"Office Supplies",Binders,"GBC Standard Plastic Binding Systems' Combs",37.68,6,0.00,16.96
1177,US-2023-166310,2023-09-21,2023-09-23,"First Class",JS-15940,"Joni Sundaresam","Home Office","United States",Garland,Texas,75043,Central,FUR-FU-10001546,Furniture,Furnishings,"Dana Swing-Arm Lamps",8.54,2,0.60,-7.48
1178,US-2023-125514,2023-09-21,2023-09-22,"First Class",BM-11650,"Brian Moss",Corporate,"United States",Omaha,Nebraska,68104,Central,OFF-AP-10000358,"Office Supplies",Appliances,"Fellowes Basic Home/Office Series Surge Protectors",25.96,2,0.00,7.53
1179,US-2023-125514,2023-09-21,2023-09-22,Unknown,BM-11650,"Brian Moss",Corporate,"United States",Omaha,Nebraska,68104,Central,OFF-AP-10003281,"Office Supplies",Appliances,"Acco 6 Outlet Guardian Standard Surge Suppressor",36.27,3,0.00,10.88
1180,US-2023-153969,2023-09-21,2023-09-25,"Standard Class",HF-14995,"Herbert Flentye",Consumer,"United States","San Francisco",California,94109,West,OFF-AR-10001615,"Office Supplies",Art,"Newell 34",59.52,3,0.00,15.48
1182,US-2023-117478,2023-09-21,2023-09-24,"First Class",LH-16750,"Larry Hughes",Consumer,"United States",Philadelphia,Pennsylvania,19140,East,OFF-BI-10000050,"Office Supplies",Binders,"Angle-D Binders with Locking Rings, Label Holders",6.57,3,0.70,-5.04
1185,US-2023-168823,2023-09-21,2023-09-24,"First Class",MA-17560,"Matt Abelman","Home Office","United States",Philadelphia,Pennsylvania,19143,East,OFF-LA-10004425,"Office Supplies",Labels,"Staple-on labels",20.81,9,0.20,7.02
1186,US-2023-125514,2023-09-21,2023-09-22,"First Class",BM-11650,"Brian Moss",Corporate,"United States",Omaha,Nebraska,68104,Central,OFF-PA-10000029,"Office Supplies",Paper,"Xerox 224",6.48,1,0.00,3.11
1187,US-2023-153969,2023-09-21,2023-09-25,"Standard Class",HF-14995,"Herbert Flentye",Consumer,"United States","San Francisco",California,94109,West,OFF-PA-10000327,"Office Supplies",Paper,"Xerox 1971",38.52,9,0.00,17.33
1188,US-2023-153969,2023-09-21,2023-09-25,"Standard Class",HF-14995,"Herbert Flentye",Consumer,"United States","San Francisco",California,94109,West,OFF-PA-10002246,"Office Supplies",Paper,"Wirebound Four 2-3/4 x 5 Forms per Page, 400 Sets per Book",19.35,3,0.00,9.48
1191,US-2023-153969,2023-09-21,2023-09-25,"Standard Class",HF-14995,"Herbert Flentye",Consumer,"United States","San Francisco",California,94109,West,TEC-PH-10001299,Technology,Phones,"Polycom CX300 Desktop Phone USB VoIP phone",239.98,2,0.20,24.00
1192,US-2023-135972,2023-09-21,2023-09-23,"Second Class",JG-15115,"Jack Garza",Consumer,"United States","Des Moines",Washington,98198,West,TEC-PH-10003012,Technology,Phones,"Nortel Meridian M3904 Professional Digital phone",246.38,2,0.20,27.72
1193,US-2023-156160,2023-09-22,2023-09-29,"Standard Class",AS-10090,"Adam Shillingsburg",Consumer,"United States","New York City","New York",10035,East,FUR-CH-10004983,Furniture,Chairs,"Office Star - Mid Back Dual function Ergonomic High Back Chair with 2-Way Adjustable Arms",579.53,4,0.10,83.71
1194,US-2023-156160,2023-09-22,2023-09-29,Unknown,AS-10090,"Adam Shillingsburg",Consumer,"United States","New York City","New York",10035,East,FUR-FU-10001876,Furniture,Furnishings,"Computer Room Manger, 14"",97.44,3,0.00,35.08
1195,US-2023-156160,2023-09-22,2023-09-29,"Standard Class",AS-10090,"Adam Shillingsburg",Consumer,"United States","New York City","New York",10035,East,OFF-AR-10003876,"Office Supplies",Art,"Avery Hi-Liter GlideStik Fluorescent Highlighter, Yellow Ink",13.04,4,0.00,5.74
1196,US-2023-156160,2023-09-22,2023-09-29,"Standard Class",AS-10090,"Adam Shillingsburg",Consumer,"United States","New York City","New York",10035,East,OFF-BI-10003355,"Office Supplies",Binders,"Cardinal Holdit Business Card Pockets",3.98,1,0.20,1.39
1198,US-2023-158225,2023-09-22,2023-09-28,"Standard Class",SE-20110,"Sanjit Engle",Consumer,"United States","San Jose",California,95123,West,OFF-ST-10000675,"Office Supplies",Storage,"File Shuttle II and Handi-File, Black",169.45,5,0.00,42.36
1199,US-2023-158225,2023-09-22,2023-09-28,"Standard Class",SE-20110,"Sanjit Engle",Consumer,"United States","San Jose",California,95123,West,OFF-ST-10002301,"Office Supplies",Storage,"Tennsco Commercial Shelving",40.68,2,0.00,0.41
1201,US-2023-134733,2023-09-23,2023-09-28,"Standard Class",BM-11650,"Brian Moss",Corporate,"United States","San Diego",California,92037,West,FUR-BO-10002916,Furniture,Bookcases,"Rush Hierlooms Collection 1" Thick Stackable Bookcases",436.00,3,0.15,20.52
1204,US-2023-116904,2023-09-23,2023-09-28,"Standard Class",SC-20095,"Sanjit Chand",Consumer,"United States",Minneapolis,Minnesota,55407,Central,OFF-BI-10001120,"Office Supplies",Binders,"Ibico EPK-21 Electric Binding System",9449.95,5,0.55,4630.48
1205,US-2023-163559,2023-09-23,2023-09-28,"Second Class",ST-20530,"Shui Tom",Consumer,"United States","New York City","New York",10035,East,OFF-BI-10002026,"Office Supplies",Binders,"Avery Arch Ring Binders",139.44,3,0.20,47.06
1207,US-2023-148369,2023-09-23,2023-09-27,"Standard Class",TH-21115,"Thea Hudgings",Corporate,"United States",Newark,Delaware,19711,East,OFF-BI-10004876,"Office Supplies",Binders,"Wilson Jones Suede Grain Vinyl Binders",11.12,4,0.00,5.45
1208,US-2023-163650,2023-09-23,2023-09-25,"First Class",TT-21220,"Thomas Thornton",Consumer,"United States",Dover,Delaware,19901,East,OFF-BI-10004965,"Office Supplies",Binders,"Ibico Covers for Plastic or Wire Binding Elements",34.50,3,0.00,15.52
1210,US-2023-116904,2023-09-23,2023-09-28,"Standard Class",SC-20095,"Sanjit Chand",Consumer,"United States",Minneapolis,Minnesota,55407,Central,OFF-PA-10004888,"Office Supplies",Paper,"Xerox 217",32.40,5,0.00,15.55
1211,US-2023-116904,2023-09-23,2023-09-28,"Standard Class",SC-20095,"Sanjit Chand",Consumer,"United States",Minneapolis,Minnesota,55407,Central,OFF-ST-10000736,"Office Supplies",Storage,"Carina Double Wide Media Storage Towers in Natural & Black",404.90,5,0.00,16.20
1212,US-2023-134733,2023-09-23,2023-09-28,"Standard Class",BM-11650,"Brian Moss",Corporate,"United States","San Diego",California,92037,West,TEC-PH-10002726,Technology,Phones,"netTALK DUO VoIP Telephone Service",83.98,2,0.20,31.49
1213,US-2023-123344,2023-09-24,2023-09-29,"Standard Class",JD-16060,"Julia Dunbar",Consumer,"United States","San Francisco",California,94109,West,OFF-ST-10001713,"Office Supplies",Storage,"Gould Plastics 9-Pocket Panel Bin, 18-3/8w x 5-1/4d x 20-1/2h, Black",211.96,4,0.00,8.48
1214,CA-2023-160325,2023-09-24,2023-09-24,"Same Day",BP-11095,"Bart Pistole",Corporate,Canada,Montreal,Quebec,H1C,East,TEC-PH-10000984,Technology,Phones,"Panasonic KX-TG9471B",391.98,2,0.00,109.75
1215,CA-2023-160325,2023-09-24,2023-09-24,"Same Day",BP-11095,"Bart Pistole",Corporate,Canada,Montreal,Quebec,H1C,East,TEC-PH-10001944,Technology,Phones,"Wi-Ex zBoost YX540 Cellular Phone Signal Booster",437.85,3,0.00,-2189.25
1216,US-2023-112914,2023-09-25,2023-09-30,"Standard Class",MT-18070,"Michelle Tran","Home Office","United States",Houston,Texas,77041,Central,FUR-BO-10003272,Furniture,Bookcases,"O'Sullivan Living Dimensions 5-Shelf Bookcases",300.53,2,0.32,-97.23
1217,US-2023-141355,2023-09-25,2023-09-30,"Standard Class",BF-11005,"Barry Franz","Home Office","United States",Aurora,Colorado,80013,West,OFF-AR-10003179,"Office Supplies",Art,"Dixon Ticonderoga Core-Lock Colored Pencils",14.58,2,0.20,2.37
1219,US-2023-112914,2023-09-25,2023-09-30,"Standard Class",MT-18070,"Michelle Tran","Home Office","United States",Houston,Texas,77041,Central,OFF-EN-10001509,"Office Supplies",Envelopes,"Poly String Tie Envelopes",3.26,2,0.20,1.10
1220,US-2023-112914,2023-09-25,2023-09-30,Unknown,MT-18070,"Michelle Tran","Home Office","United States",Houston,Texas,77041,Central,OFF-PA-10003270,"Office Supplies",Paper,"Xerox 1954",33.79,8,0.20,10.56
1221,US-2023-132451,2023-09-26,2023-09-27,"First Class",KF-16285,"Karen Ferguson","Home Office","United States","San Diego",California,92105,West,FUR-CH-10000454,Furniture,Chairs,"Hon Deluxe Fabric Upholstered Stacking Chairs, Rounded Back",585.55,3,0.20,73.19
1222,US-2023-151925,2023-09-26,2023-10-01,"Second Class",KT-16465,"Kean Takahito",Consumer,"United States","Los Angeles",California,90049,West,FUR-CH-10002961,Furniture,Chairs,"Leather Task Chair, Black",145.57,2,0.20,0.00
1224,US-2023-144974,2023-09-26,2023-09-30,"Standard Class",CM-12715,"Craig Molinari",Corporate,"United States",Philadelphia,Pennsylvania,19140,East,OFF-AP-10001492,"Office Supplies",Appliances,"Acco Six-Outlet Power Strip, 4' Cord Length",41.38,6,0.20,3.10
1226,US-2023-164385,2023-09-26,2023-10-01,"Second Class",NB-18580,"Nicole Brennan",Corporate,"United States",Philadelphia,Pennsylvania,19134,East,OFF-AP-10002191,"Office Supplies",Appliances,"Belkin 8 Outlet SurgeMaster II Gold Surge Protector",143.95,3,0.20,14.40
1227,US-2023-144974,2023-09-26,2023-09-30,Unknown,CM-12715,"Craig Molinari",Corporate,"United States",Philadelphia,Pennsylvania,19140,East,OFF-BI-10003274,"Office Supplies",Binders,"Avery Durable Slant Ring Binders, No Labels",5.97,5,0.70,-4.58
1230,US-2023-132451,2023-09-26,2023-09-27,"First Class",KF-16285,"Karen Ferguson","Home Office","United States","San Diego",California,92105,West,OFF-PA-10004888,"Office Supplies",Paper,"Xerox 217",19.44,3,0.00,9.33
1231,US-2023-127586,2023-09-26,2023-09-30,"Standard Class",CS-12400,"Christopher Schild","Home Office","United States",Seattle,Washington,98115,West,OFF-ST-10002615,"Office Supplies",Storage,"Dual Level, Single-Width Filing Carts",310.12,2,0.00,80.63
1233,US-2023-115049,2023-09-26,2023-10-01,"Standard Class",MM-17920,"Michael Moore",Consumer,"United States",Chicago,Illinois,60623,Central,TEC-AC-10004859,Technology,Accessories,"Maxell Pro 80 Minute CD-R, 10/Pack",153.82,11,0.20,38.46
1234,US-2023-133130,2023-09-27,2023-10-01,"Standard Class",TH-21100,"Thea Hendricks",Consumer,"United States","San Diego",California,92037,West,FUR-CH-10002602,Furniture,Chairs,"DMI Arturo Collection Mission-style Design Wood Chair",603.92,5,0.20,45.29
1235,US-2023-120887,2023-09-27,2023-10-03,"Standard Class",TS-21205,"Thomas Seio",Corporate,"United States",Hackensack,"New Jersey",7601,East,FUR-FU-10001588,Furniture,Furnishings,"Deflect-o SuperTray Unbreakable Stackable Tray, Letter, Black",87.54,3,0.00,37.64
1236,US-2023-133130,2023-09-27,2023-10-01,"Standard Class",TH-21100,"Thea Hendricks",Consumer,"United States","San Diego",California,92037,West,OFF-PA-10000675,"Office Supplies",Paper,"Xerox 1919",81.98,2,0.00,40.17
1237,US-2023-114335,2023-09-28,2023-10-03,"Standard Class",XP-21865,"Xylona Preis",Consumer,"United States",Hollywood,Florida,33021,South,FUR-FU-10000277,Furniture,Furnishings,"Deflect-o DuraMat Antistatic Studded Beveled Mat for Medium Pile Carpeting",337.09,4,0.20,16.85
1238,US-2023-125136,2023-09-28,2023-10-03,"Standard Class",KD-16495,"Keith Dawkins",Corporate,"United States",Fayetteville,"North Carolina",28314,South,OFF-PA-10001457,"Office Supplies",Paper,"White GlueTop Scratch Pads",96.26,8,0.20,31.28
1239,US-2023-125136,2023-09-28,2023-10-03,"Standard Class",KD-16495,"Keith Dawkins",Corporate,"United States",Fayetteville,"North Carolina",28314,South,OFF-PA-10001804,"Office Supplies",Paper,"Xerox 195",10.69,2,0.20,3.74
1240,US-2023-107153,2023-09-28,2023-10-03,"Standard Class",GZ-14545,"George Zrebassa",Corporate,"United States",Lawrence,Massachusetts,1841,East,OFF-ST-10001321,"Office Supplies",Storage,"Decoflex Hanging Personal Folder File, Blue",46.26,3,0.00,12.49
1241,CA-2023-107153,2023-09-28,2023-10-03,"Standard Class",GZ-14545,"George Zrebassa",Corporate,Canada,Montreal,Quebec,H1A,East,OFF-ST-10001321,"Office Supplies",Storage,"Decoflex Hanging Personal Folder File, Blue",10.69,2,0.20,3.74
1242,US-2023-124856,2023-09-29,2023-10-03,"Second Class",LD-17005,"Lisa DeCherney",Consumer,"United States","New York City","New York",10011,East,FUR-FU-10000521,Furniture,Furnishings,"Seth Thomas 14" Putty-Colored Wall Clock",117.36,4,0.00,36.38
1243,US-2023-126683,2023-09-29,2023-10-01,"Second Class",PP-18955,"Paul Prost","Home Office","United States",Seattle,Washington,98115,West,FUR-FU-10001706,Furniture,Furnishings,"Longer-Life Soft White Bulbs",6.16,2,0.00,2.96
1244,US-2023-146969,2023-09-29,2023-10-03,"Standard Class",AP-10915,"Arthur Prichep",Consumer,"United States","Los Angeles",California,90045,West,FUR-FU-10004188,Furniture,Furnishings,"Luxo Professional Combination Clamp-On Lamps",204.60,2,0.00,53.20
1245,US-2023-126683,2023-09-29,2023-10-01,"Second Class",PP-18955,"Paul Prost","Home Office","United States",Seattle,Washington,98115,West,FUR-TA-10002958,Furniture,Tables,"Bevis Oval Conference Table, Walnut",2348.82,9,0.00,399.30
1247,US-2023-122931,2023-09-29,2023-10-03,"Standard Class",SM-20950,"Suzanne McNair",Corporate,"United States",Philadelphia,Pennsylvania,19134,East,FUR-TA-10004175,Furniture,Tables,"Hon 30" x 60" Table with Locking Drawer",409.27,2,0.40,-81.85
1249,US-2023-111962,2023-09-29,2023-10-04,"Standard Class",EB-14170,"Evan Bailliet",Consumer,"United States",Seattle,Washington,98115,West,OFF-BI-10001308,"Office Supplies",Binders,"GBC Standard Plastic Binding Systems' Combs",10.05,2,0.20,3.14
1250,US-2023-146969,2023-09-29,2023-10-03,"Standard Class",AP-10915,"Arthur Prichep",Consumer,"United States","Los Angeles",California,90045,West,OFF-FA-10001561,"Office Supplies",Fasteners,"Stockwell Push Pins",8.72,4,0.00,2.88
1251,US-2023-124856,2023-09-29,2023-10-03,"Second Class",LD-17005,"Lisa DeCherney",Consumer,"United States","New York City","New York",10011,East,OFF-LA-10000121,"Office Supplies",Labels,"Avery 48",18.90,3,0.00,8.69
1253,US-2023-122931,2023-09-29,2023-10-03,Unknown,SM-20950,"Suzanne McNair",Corporate,"United States",Philadelphia,Pennsylvania,19134,East,OFF-PA-10000533,"Office Supplies",Paper,"Southworth Parchment Paper & Envelopes",20.93,4,0.20,6.80
1257,US-2023-124856,2023-09-29,2023-10-03,"Second Class",LD-17005,"Lisa DeCherney",Consumer,"United States","New York City","New York",10011,East,OFF-ST-10002615,"Office Supplies",Storage,"Dual Level, Single-Width Filing Carts",1395.54,9,0.00,362.84
1258,US-2023-146969,2023-09-29,2023-10-03,"Standard Class",AP-10915,"Arthur Prichep",Consumer,"United States","Los Angeles",California,90045,West,OFF-ST-10004340,"Office Supplies",Storage,"Fellowes Mobile File Cart, Black",62.18,1,0.00,16.79
1260,US-2023-146969,2023-09-29,2023-10-03,"Standard Class",AP-10915,"Arthur Prichep",Consumer,"United States","Los Angeles",California,90045,West,TEC-MA-10004241,Technology,Machines,"Star Micronics TSP800 TSP847IIU Receipt Printer",686.32,2,0.20,223.05
1261,US-2023-159478,2023-09-30,2023-10-06,"Standard Class",MH-17785,"Maya Herman",Corporate,"United States","New York City","New York",10035,East,FUR-FU-10000221,Furniture,Furnishings,"Master Caster Door Stop, Brown",15.24,3,0.00,5.18
1263,US-2023-141649,2023-09-30,2023-09-30,"Same Day",DM-12955,"Dario Medina",Corporate,"United States",Fairfield,Ohio,45014,East,OFF-AP-10003217,"Office Supplies",Appliances,"Eureka Sanitaire  Commercial Upright",795.41,6,0.20,59.66
1264,US-2023-137351,2023-09-30,2023-10-04,"Standard Class",DB-13615,"Doug Bickford",Consumer,"United States",Seattle,Washington,98105,West,OFF-BI-10003910,"Office Supplies",Binders,"DXL Angle-View Binders with Locking Rings by Samsill",43.18,7,0.20,13.49
1265,US-2023-102008,2023-09-30,2023-10-04,"Standard Class",RA-19915,"Russell Applegate",Consumer,"United States","New York City","New York",10011,East,OFF-PA-10004092,"Office Supplies",Paper,"Tops Green Bar Computer Printout Paper",48.94,1,0.00,24.47
1266,US-2023-167633,2023-09-30,2023-10-05,"Standard Class",BW-11200,"Ben Wallace",Consumer,"United States","Boynton Beach",Florida,33437,South,OFF-PA-10004888,"Office Supplies",Paper,"Xerox 217",15.55,3,0.20,5.44
1267,US-2023-132745,2023-10-01,2023-10-05,"Standard Class",NF-18475,"Neil Französisch","Home Office","United States",Reno,Nevada,89502,West,OFF-FA-10000254,"Office Supplies",Fasteners,"Sterling Rubber Bands by Alliance",4.71,1,0.00,0.00
1268,US-2023-108189,2023-10-02,2023-10-05,"First Class",ES-14080,"Erin Smith",Corporate,"United States",Tempe,Arizona,85281,West,OFF-EN-10004846,"Office Supplies",Envelopes,"Letter or Legal Size Expandable Poly String Tie Envelopes",12.77,6,0.20,4.63
1269,US-2023-108189,2023-10-02,2023-10-05,"First Class",ES-14080,"Erin Smith",Corporate,"United States",Tempe,Arizona,85281,West,OFF-FA-10000735,"Office Supplies",Fasteners,Staples,4.67,2,0.20,1.46
1271,US-2023-108189,2023-10-02,2023-10-05,"First Class",ES-14080,"Erin Smith",Corporate,"United States",Tempe,Arizona,85281,West,OFF-SU-10003567,"Office Supplies",Supplies,"Stiletto Hand Letter Openers",15.36,2,0.20,-3.26
1275,US-2023-157882,2023-10-03,2023-10-08,"Second Class",AR-10405,"Allen Rosenblatt",Corporate,"United States","Los Angeles",California,90036,West,FUR-CH-10002774,Furniture,Chairs,"Global Deluxe Stacking Chair, Gray",122.35,3,0.20,13.76
1277,US-2023-120775,2023-10-03,2023-10-07,"Standard Class",RD-19930,"Russell D'Ascenzo",Consumer,"United States",Dallas,Texas,75217,Central,FUR-FU-10000758,Furniture,Furnishings,"DAX Natural Wood-Tone Poster Frame",31.78,3,0.60,-19.07
1279,US-2023-155817,2023-10-03,2023-10-09,"Standard Class",SL-20155,"Sara Luxemburg","Home Office","United States",Durham,"North Carolina",27707,South,OFF-AR-10002335,"Office Supplies",Art,"DIXON Oriole Pencils",6.19,3,0.20,0.46
1280,US-2023-108903,2023-10-03,2023-10-03,"Same Day",DO-13435,"Denny Ordway",Consumer,"United States",Columbus,Ohio,43229,East,OFF-AR-10004010,"Office Supplies",Art,"Hunt Boston Vacuum Mount KS Pencil Sharpener",55.98,2,0.20,4.20
1281,US-2023-120775,2023-10-03,2023-10-07,"Standard Class",RD-19930,"Russell D'Ascenzo",Consumer,"United States",Dallas,Texas,75217,Central,OFF-BI-10002609,"Office Supplies",Binders,"Avery Hidden Tab Dividers for Binding Systems",1.79,3,0.80,-3.04
1282,US-2023-108903,2023-10-03,2023-10-03,"Same Day",DO-13435,"Denny Ordway",Consumer,"United States",Columbus,Ohio,43229,East,OFF-EN-10004030,"Office Supplies",Envelopes,"Convenience Packs of Business Envelopes",14.48,5,0.20,4.89
1283,US-2023-120775,2023-10-03,2023-10-07,"Standard Class",RD-19930,"Russell D'Ascenzo",Consumer,"United States",Dallas,Texas,75217,Central,OFF-FA-10000254,"Office Supplies",Fasteners,"Sterling Rubber Bands by Alliance",15.07,4,0.20,-3.77
1284,US-2023-120775,2023-10-03,2023-10-07,Unknown,RD-19930,"Russell D'Ascenzo",Consumer,"United States",Dallas,Texas,75217,Central,OFF-FA-10002676,"Office Supplies",Fasteners,"Colored Push Pins",4.34,3,0.20,0.87
1285,US-2023-120775,2023-10-03,2023-10-07,"Standard Class",RD-19930,"Russell D'Ascenzo",Consumer,"United States",Dallas,Texas,75217,Central,OFF-LA-10002271,"Office Supplies",Labels,"Smead Alpha-Z Color-Coded Second Alphabetical Labels and Starter Set",4.93,2,0.20,1.72
1286,US-2023-155817,2023-10-03,2023-10-09,"Standard Class",SL-20155,"Sara Luxemburg","Home Office","United States",Durham,"North Carolina",27707,South,OFF-ST-10000532,"Office Supplies",Storage,"Advantus Rolling Drawer Organizers",61.57,160,0.20,4.62
1287,US-2023-108903,2023-10-03,2023-10-03,"Same Day",DO-13435,"Denny Ordway",Consumer,"United States",Columbus,Ohio,43229,East,TEC-AC-10003023,Technology,Accessories,"Logitech G105 Gaming Keyboard",142.49,3,0.20,-3.56
1288,US-2023-166891,2023-10-04,2023-10-06,"First Class",CC-12220,"Chris Cortes",Consumer,"United States","New York City","New York",10024,East,FUR-CH-10003298,Furniture,Chairs,"Office Star - Contemporary Task Swivel chair with Loop Arms, Charcoal",589.41,5,0.10,-6.55
1290,US-2023-102085,2023-10-04,2023-10-09,"Standard Class",JD-16015,"Joy Daniels",Consumer,"United States",Seattle,Washington,98115,West,OFF-LA-10002475,"Office Supplies",Labels,"Avery 519",29.24,4,0.00,13.74
1292,US-2023-152422,2023-10-05,2023-10-10,"Second Class",BD-11635,"Brian Derr",Consumer,"United States",Columbus,Ohio,43229,East,OFF-AP-10002892,"Office Supplies",Appliances,"Belkin F5C206VTEL 6 Outlet Surge",91.92,5,0.20,11.49
1293,US-2023-152233,2023-10-05,2023-10-06,"First Class",KH-16510,"Keith Herrera",Consumer,"United States",Pomona,California,91767,West,TEC-AC-10002800,Technology,Accessories,"Plantronics Audio 478 Stereo USB Headset",99.98,2,0.00,34.99
1294,CA-2023-131807,2023-10-05,2023-10-10,"Standard Class",GG-14650,"Greg Guthrie",Corporate,Canada,Calgary,Alberta,T1Y,West,FUR-CH-10001190,Furniture,Chairs,"Global Deluxe High-Back Office Chair in Storm",435.17,4,0.20,-59.84
1295,CA-2023-131807,2023-10-05,2023-10-10,"Standard Class",GG-14650,"Greg Guthrie",Corporate,Canada,Edmonton,Alberta,T5A,West,FUR-FU-10004666,Furniture,Furnishings,"DAX Clear Channel Poster Frame",72.90,5,0.00,26.97
1296,CA-2023-131807,2023-10-05,2023-10-10,"Standard Class",GG-14650,"Greg Guthrie",Corporate,Canada,Edmonton,Alberta,T5A,West,FUR-TA-10004086,Furniture,Tables,"KI Adjustable-Height Table",206.35,3,0.20,5.16
1297,CA-2023-131807,2023-10-05,2023-10-10,"Standard Class",GG-14650,"Greg Guthrie",Corporate,Canada,Edmonton,Alberta,T5A,West,OFF-AP-10004052,"Office Supplies",Appliances,"Hoover Replacement Belts For Soft Guard & Commercial Ltweight Upright Vacs, 2/Pk",15.80,4,0.00,4.11
1298,CA-2023-131807,2023-10-05,2023-10-10,"Standard Class",GG-14650,"Greg Guthrie",Corporate,Canada,Calgary,Alberta,T1Y,West,OFF-FA-10002780,"Office Supplies",Fasteners,Staples,14.90,5,0.00,6.85
1299,CA-2023-131807,2023-10-05,2023-10-10,"Standard Class",GG-14650,"Greg Guthrie",Corporate,Canada,Edmonton,Alberta,T5A,West,TEC-PH-10000702,Technology,Phones,"Square Credit Card Reader, 4 1/2" x 4 1/2" x 1", White",7.99,1,0.20,2.70
1300,US-2023-132542,2023-10-06,2023-10-08,"Second Class",AM-10360,"Alice McCarthy",Corporate,"United States",Omaha,Nebraska,68104,Central,OFF-BI-10004099,"Office Supplies",Binders,"GBC VeloBinder Strips",15.36,2,0.00,-76.80
1301,US-2023-110611,2023-10-06,2023-10-13,"Standard Class",JD-16015,"Joy Daniels",Consumer,"United States",Philadelphia,Pennsylvania,19120,East,OFF-ST-10000642,"Office Supplies",Storage,"Tennsco Lockers, Gray",83.92,5,0.20,-13.64
1302,US-2023-109680,2023-10-06,2023-10-09,"First Class",VP-21760,"Victoria Pisteka",Corporate,"United States",Indianapolis,Indiana,46203,Central,OFF-ST-10001932,"Office Supplies",Storage,"Fellowes Staxonsteel Drawer Files",386.34,2,0.00,54.09
1303,US-2023-134677,2023-10-06,2023-10-10,"Standard Class",XP-21865,"Xylona Preis",Consumer,"United States","San Diego",California,92024,West,TEC-AC-10001445,Technology,Accessories,"Imation USB 2.0 Swivel Flash Drive USB flash drive - 4 GB - Pink",9.09,3,0.00,1.91
1304,US-2023-117429,2023-10-07,2023-10-13,"Standard Class",MR-17545,"Mathew Reese","Home Office","United States",Philadelphia,Pennsylvania,19140,East,FUR-FU-10000222,Furniture,Furnishings,"Seth Thomas 16" Steel Case Clock",129.92,5,0.20,21.11
1305,US-2023-132801,2023-10-07,2023-10-12,"Standard Class",JG-15805,"John Grady",Corporate,"United States",Dallas,Texas,75217,Central,OFF-ST-10001228,"Office Supplies",Storage,"Fellowes Personal Hanging Folder Files, Navy",107.44,10,0.20,10.74
1306,US-2023-119977,2023-10-08,2023-10-13,"Second Class",DN-13690,"Duane Noonan",Consumer,"United States","New York City","New York",10011,East,OFF-PA-10003823,"Office Supplies",Paper,"Xerox 197",123.92,320,0.00,55.76
1307,US-2023-142951,2023-10-08,2023-10-08,"Same Day",JG-15115,"Jack Garza",Consumer,"United States",Charlotte,"North Carolina",28205,South,TEC-AC-10002331,Technology,Accessories,"Maxell 74 Minute CDR, 10/Pack",23.47,3,0.20,4.99
1309,US-2023-137911,2023-10-09,2023-10-15,"Standard Class",BP-11095,"Bart Pistole",Corporate,"United States",Jacksonville,"North Carolina",28540,South,OFF-PA-10004071,"Office Supplies",Paper,"Eaton Premium Continuous-Feed Paper, 25% Cotton, Letter Size, White, 1000 Shts/Box",88.77,2,0.20,31.07
1310,US-2023-138240,2023-10-09,2023-10-14,"Standard Class",SJ-20500,"Shirley Jackson",Consumer,"United States","San Francisco",California,94122,West,TEC-PH-10002583,Technology,Phones,"iOttie HLCRIO102 Car Mount",15.99,1,0.20,-3.00
1314,US-2023-105137,2023-10-10,2023-10-10,"Same Day",RB-19435,"Richard Bierner",Consumer,"United States",Columbus,Ohio,43229,East,OFF-BI-10002429,"Office Supplies",Binders,"Premier Elliptical Ring Binder, Black",18.26,2,0.70,-13.39
1315,US-2023-103492,2023-10-10,2023-10-15,"Standard Class",CM-12715,"Craig Molinari",Corporate,"United States",Huntsville,Texas,77340,Central,OFF-BI-10004140,"Office Supplies",Binders,"Avery Non-Stick Binders",0.90,1,0.80,-1.57
1317,US-2023-140403,2023-10-10,2023-10-10,Unknown,TN-21040,"Tanja Norvell","Home Office","United States",Manteca,California,95336,West,OFF-EN-10001219,"Office Supplies",Envelopes,"#10- 4 1/8" x 9 1/2" Security-Tint Envelopes",15.28,2,0.00,7.49
1318,US-2023-105137,2023-10-10,2023-10-10,"Same Day",RB-19435,"Richard Bierner",Consumer,"United States",Columbus,Ohio,43229,East,TEC-MA-10002694,Technology,Machines,"Hewlett-Packard Deskjet F4180 All-in-One Color Ink-jet - Printer / copier / scanner",101.99,2,0.70,-71.40
1320,US-2023-103492,2023-10-10,2023-10-15,"Standard Class",CM-12715,"Craig Molinari",Corporate,"United States",Huntsville,Texas,77340,Central,TEC-PH-10004667,Technology,Phones,"Cisco 8x8 Inc. 6753i IP Business Phone System",755.94,7,0.20,66.15
1321,US-2023-157924,2023-10-11,2023-10-13,"First Class",HA-14920,"Helen Andreada",Consumer,"United States",Pasadena,California,91104,West,FUR-CH-10000229,Furniture,Chairs,"Global Enterprise Series Seating High-Back Swivel/Tilt Chairs",433.57,2,0.20,-65.04
1322,US-2023-116834,2023-10-11,2023-10-16,"Standard Class",Dp-13240,"Dean percer","Home Office","United States",Seattle,Washington,98115,West,FUR-FU-10001196,Furniture,Furnishings,"DAX Cubicle Frames - 8x10",63.47,11,0.00,19.04
1323,US-2023-114314,2023-10-11,2023-10-15,"Standard Class",DB-13555,"Dorothy Badders",Corporate,"United States",Fayetteville,Arkansas,72701,South,FUR-FU-10002107,Furniture,Furnishings,"Eldon Pizzaz Desk Accessories",8.92,4,0.00,3.92
1324,US-2023-128538,2023-10-11,2023-10-15,"Standard Class",AS-10240,"Alan Shonely",Consumer,"United States","Redondo Beach",California,90278,West,OFF-EN-10001219,"Office Supplies",Envelopes,"#10- 4 1/8" x 9 1/2" Security-Tint Envelopes",7.64,1,0.00,3.74
1325,US-2023-126571,2023-10-11,2023-10-15,"Standard Class",JF-15565,"Jill Fjeld",Consumer,"United States",Philadelphia,Pennsylvania,19120,East,OFF-EN-10002230,"Office Supplies",Envelopes,"Airmail Envelopes",201.43,3,0.20,67.98
1326,US-2023-114314,2023-10-11,2023-10-15,Unknown,DB-13555,"Dorothy Badders",Corporate,"United States",Fayetteville,Arkansas,72701,South,OFF-LA-10000240,"Office Supplies",Labels,"Self-Adhesive Address Labels for Typewriters by Universal",7.31,1,0.00,3.44
1327,US-2023-157924,2023-10-11,2023-10-13,"First Class",HA-14920,"Helen Andreada",Consumer,"United States",Pasadena,California,91104,West,OFF-ST-10002352,"Office Supplies",Storage,"Iris Project Case",31.92,4,0.00,8.30
1328,US-2023-126571,2023-10-11,2023-10-15,Unknown,JF-15565,"Jill Fjeld",Consumer,"United States",Philadelphia,Pennsylvania,19120,East,OFF-ST-10003816,"Office Supplies",Storage,"Fellowes High-Stak Drawer Files",281.90,2,0.20,10.57
1330,US-2023-139451,2023-10-12,2023-10-16,"Standard Class",DN-13690,"Duane Noonan",Consumer,"United States","San Francisco",California,94122,West,OFF-AR-10002053,"Office Supplies",Art,"Premium Writing Pencils, Soft, #2 by Central Association for the Blind",14.90,5,0.00,4.17
1332,US-2023-154655,2023-10-12,2023-10-17,"Standard Class",BP-11050,"Barry Pond",Corporate,"United States",Chicago,Illinois,60623,Central,OFF-SU-10000898,"Office Supplies",Supplies,"Acme Hot Forged Carbon Steel Scissors with Nickel-Plated Handles, 3 7/8" Cut, 8"L",22.24,2,0.20,2.50
1333,US-2023-164742,2023-10-13,2023-10-18,"Second Class",ML-17395,"Marina Lichtenstein",Corporate,"United States",Lakewood,"New Jersey",8701,East,FUR-CH-10002880,Furniture,Chairs,"Global High-Back Leather Tilter, Burgundy",245.98,2,0.00,27.06
1334,US-2023-151995,2023-10-13,2023-10-15,"First Class",ZC-21910,"Zuschuss Carroll",Consumer,"United States",Edmonds,Washington,98026,West,FUR-TA-10002903,Furniture,Tables,"Bevis Round Bullnose 29" High Table Top",1298.55,5,0.00,311.65
1335,US-2023-151995,2023-10-13,2023-10-15,"First Class",ZC-21910,"Zuschuss Carroll",Consumer,"United States",Edmonds,Washington,98026,West,OFF-AP-10000240,"Office Supplies",Appliances,"Belkin F9G930V10-GRY 9 Outlet Surge",213.92,4,0.00,62.04
1336,US-2023-151995,2023-10-13,2023-10-15,"First Class",ZC-21910,"Zuschuss Carroll",Consumer,"United States",Edmonds,Washington,98026,West,OFF-AR-10003190,"Office Supplies",Art,"Newell 32",11.52,4,0.00,3.23
1337,US-2023-132010,2023-10-13,2023-10-15,"First Class",MA-17995,"Michelle Arnett","Home Office","United States",Richmond,Virginia,23223,South,OFF-BI-10002432,"Office Supplies",Binders,"Wilson Jones Standard D-Ring Binders",15.18,3,0.00,7.13
1339,US-2023-164742,2023-10-13,2023-10-18,"Second Class",ML-17395,"Marina Lichtenstein",Corporate,"United States",Lakewood,"New Jersey",8701,East,OFF-BI-10004738,"Office Supplies",Binders,"Flexible Leather- Look Classic Collection Ring Binder",18.94,1,0.00,9.47
1341,US-2023-132010,2023-10-13,2023-10-15,"First Class",MA-17995,"Michelle Arnett","Home Office","United States",Richmond,Virginia,23223,South,OFF-ST-10003641,"Office Supplies",Storage,"Space Solutions Industrial Galvanized Steel Shelving.",315.20,4,0.00,6.30
1342,US-2023-151995,2023-10-13,2023-10-15,"First Class",ZC-21910,"Zuschuss Carroll",Consumer,"United States",Edmonds,Washington,98026,West,TEC-AC-10001101,Technology,Accessories,"Sony 16GB Class 10 Micro SDHC R40 Memory Card",25.78,2,0.00,2.58
1343,US-2023-132010,2023-10-13,2023-10-15,"First Class",MA-17995,"Michelle Arnett","Home Office","United States",Richmond,Virginia,23223,South,TEC-AC-10001542,Technology,Accessories,"SanDisk Cruzer 16 GB USB Flash Drive",22.96,2,0.00,4.36
1344,US-2023-151330,2023-10-14,2023-10-17,"First Class",TC-21295,"Toby Carlisle",Consumer,"United States",Everett,Massachusetts,2149,East,FUR-CH-10000749,Furniture,Chairs,"Office Star - Ergonomic Mid Back Chair with 2-Way Adjustable Arms",1628.82,9,0.00,260.61
1345,US-2023-163748,2023-10-14,2023-10-18,"Standard Class",HG-15025,"Hunter Glantz",Consumer,"United States","Fort Worth",Texas,76106,Central,OFF-AP-10004052,"Office Supplies",Appliances,"Hoover Replacement Belts For Soft Guard & Commercial Ltweight Upright Vacs, 2/Pk",3.16,4,0.80,-8.53
1346,US-2023-151015,2023-10-14,2023-10-20,"Standard Class",BD-11500,"Bradley Drucker",Consumer,"United States",Chicago,Illinois,60653,Central,OFF-BI-10000343,"Office Supplies",Binders,"Pressboard Covers with Storage Hooks, 9 1/2" x 11", Light Blue",2.95,3,0.80,-4.86
1349,US-2023-151015,2023-10-14,2023-10-20,Unknown,BD-11500,"Bradley Drucker",Consumer,"United States",Chicago,Illinois,60653,Central,OFF-PA-10002581,"Office Supplies",Paper,"Xerox 1951",322.19,13,0.20,100.68
1350,US-2023-151330,2023-10-14,2023-10-17,"First Class",TC-21295,"Toby Carlisle",Consumer,"United States",Everett,Massachusetts,2149,East,OFF-ST-10000615,"Office Supplies",Storage,"SimpliFile Personal File, Black Granite, 15w x 6-15/16d x 11-1/4h",79.45,7,0.00,22.25
1352,US-2023-151330,2023-10-14,2023-10-17,"First Class",TC-21295,"Toby Carlisle",Consumer,"United States",Everett,Massachusetts,2149,East,TEC-AC-10000865,Technology,Accessories,"WD My Passport Ultra 500GB Portable External Hard Drive",177.00,3,0.00,-885.00
1353,US-2023-163748,2023-10-14,2023-10-18,"Standard Class",HG-15025,"Hunter Glantz",Consumer,"United States","Fort Worth",Texas,76106,Central,TEC-CO-10002095,Technology,Copiers,"Hewlett Packard 610 Color Digital Copier / Printer",1999.96,5,0.20,624.99
1354,US-2023-122021,2023-10-15,2023-10-17,"First Class",AC-10660,"Anna Chung",Consumer,"United States",Parma,Ohio,44134,East,FUR-CH-10003761,Furniture,Chairs,"Global Italian Leather Office Chair",183.37,2,0.30,-7.86
1355,US-2023-143182,2023-10-15,2023-10-20,"Standard Class",DL-12865,"Dan Lawera",Consumer,"United States",Hialeah,Florida,33012,South,FUR-FU-10004270,Furniture,Furnishings,"Executive Impressions 13" Clairmont Wall Clock",15.38,1,0.20,4.04
1358,US-2023-109456,2023-10-16,2023-10-17,"Same Day",LS-17245,"Lynn Smith",Consumer,"United States","San Francisco",California,94110,West,TEC-AC-10003610,Technology,Accessories,"Logitech Illuminated - Keyboard",179.97,3,0.00,86.39
1359,US-2023-103086,2023-10-17,2023-10-19,"Second Class",EB-14170,"Evan Bailliet",Consumer,"United States",Houston,Texas,77095,Central,FUR-FU-10004586,Furniture,Furnishings,"G.E. Longer-Life Indoor Recessed Floodlight Bulbs",5.31,2,0.60,-1.59
1360,US-2023-124394,2023-10-17,2023-10-22,"Second Class",TB-21520,"Tracy Blumstein",Consumer,"United States",Beaumont,Texas,77705,Central,OFF-BI-10003676,"Office Supplies",Binders,"GBC Standard Recycled Report Covers, Clear Plastic Sheets",10.78,5,0.80,-17.25
1361,US-2023-124394,2023-10-17,2023-10-22,"Second Class",TB-21520,"Tracy Blumstein",Consumer,"United States",Beaumont,Texas,77705,Central,TEC-AC-10001314,Technology,Accessories,"Case Logic 2.4GHz Wireless Keyboard",119.98,3,0.20,-18.00
1362,US-2023-110408,2023-10-18,2023-10-20,"Second Class",AS-10225,"Alan Schoenberger",Corporate,"United States",Montgomery,Alabama,36116,South,FUR-CH-10003774,Furniture,Chairs,"Global Wood Trimmed Manager's Task Chair, Khaki",545.88,6,0.00,70.96
